-- MySQL dump 10.13  Distrib 5.6.27, for Linux (x86_64)
--
-- Host: localhost    Database: dtjx
-- ------------------------------------------------------
-- Server version	5.6.27

/*!40101 SET @OLD_CHARACTER_SET_CLIENT=@@CHARACTER_SET_CLIENT */;
/*!40101 SET @OLD_CHARACTER_SET_RESULTS=@@CHARACTER_SET_RESULTS */;
/*!40101 SET @OLD_COLLATION_CONNECTION=@@COLLATION_CONNECTION */;
/*!40101 SET NAMES utf8 */;
/*!40103 SET @OLD_TIME_ZONE=@@TIME_ZONE */;
/*!40103 SET TIME_ZONE='+00:00' */;
/*!40014 SET @OLD_UNIQUE_CHECKS=@@UNIQUE_CHECKS, UNIQUE_CHECKS=0 */;
/*!40014 SET @OLD_FOREIGN_KEY_CHECKS=@@FOREIGN_KEY_CHECKS, FOREIGN_KEY_CHECKS=0 */;
/*!40101 SET @OLD_SQL_MODE=@@SQL_MODE, SQL_MODE='NO_AUTO_VALUE_ON_ZERO' */;
/*!40111 SET @OLD_SQL_NOTES=@@SQL_NOTES, SQL_NOTES=0 */;

--
-- Table structure for table `customer`
--

DROP TABLE IF EXISTS `customer`;
/*!40101 SET @saved_cs_client     = @@character_set_client */;
/*!40101 SET character_set_client = utf8 */;
CREATE TABLE `customer` (
  `id` int(11) NOT NULL AUTO_INCREMENT,
  `create_time` timestamp NOT NULL DEFAULT CURRENT_TIMESTAMP,
  `update_time` timestamp NOT NULL DEFAULT CURRENT_TIMESTAMP,
  `name` varchar(32) NOT NULL,
  `idnumber` varchar(32) DEFAULT '',
  `phonenumber` varchar(32) NOT NULL,
  `wx` varchar(32) DEFAULT '',
  `sellname` varchar(32) DEFAULT '',
  `doctor_name` varchar(32) DEFAULT '',
  `last_menses_time` datetime DEFAULT NULL,
  `due_time` datetime DEFAULT NULL,
  `order_time` datetime DEFAULT NULL,
  `order_over_time` datetime DEFAULT NULL,
  `remarks` varchar(128) DEFAULT '',
  `vip` int(11) DEFAULT '0',
  `familyname` varchar(32) DEFAULT '',
  `familyphonenumber` varchar(32) DEFAULT '',
  `address` varchar(128) DEFAULT '',
  `age` varchar(32) DEFAULT '',
  `customer_type` varchar(32) DEFAULT '',
  PRIMARY KEY (`id`),
  KEY `name` (`name`),
  KEY `phonenumber` (`phonenumber`)
) ENGINE=InnoDB AUTO_INCREMENT=18 DEFAULT CHARSET=utf8;
/*!40101 SET character_set_client = @saved_cs_client */;

--
-- Dumping data for table `customer`
--

LOCK TABLES `customer` WRITE;
/*!40000 ALTER TABLE `customer` DISABLE KEYS */;
INSERT INTO `customer` VALUES (2,'2015-11-30 09:01:00','2015-12-07 07:24:25','钟佳怡','','18628218625','','王君','张力','2015-03-16 00:00:00','2015-12-22 00:00:00','2015-06-12 00:00:00','2016-01-11 00:00:00','',1,'','','','33','孕妈妈'),(3,'2015-12-01 05:48:06','2015-12-07 07:26:55','谢文勤','','18981738525','','陈淘','彭冰','2015-08-24 00:00:00','2016-05-29 00:00:00','2015-11-29 00:00:00','2016-06-28 00:00:00','',1,'余任游','18783754105','','31','孕妈妈'),(4,'2015-12-01 05:52:21','2015-12-01 05:53:00','吴建华','','13880705598','','邱容','彭冰','2015-05-15 00:00:00','2016-02-22 00:00:00','2015-08-13 00:00:00','2016-02-12 00:00:00','',1,'柳科新','13880615516','','35','孕妈妈'),(5,'2015-12-01 05:55:54','2015-12-01 06:25:05','曾萍','','13086621333','','王君','游泳','2015-07-09 00:00:00','2016-04-13 00:00:00','2015-09-30 00:00:00','2016-04-29 00:00:00','',1,'苏胜强','13990938911','','34','孕妈妈'),(6,'2015-12-01 06:23:07','2015-12-01 06:24:35','王惠','','13540794444','','邱容','彭冰','2015-08-29 00:00:00','2016-06-09 00:00:00','2015-11-23 00:00:00','2016-05-22 00:00:00','',1,'李鑫恒','18628015728','成都市锦江区东光街办','29','孕妈妈'),(7,'2015-12-01 06:26:26','2015-12-07 07:40:14','赵轶','','13908221270','','王君','姚强','2015-07-11 00:00:00','2016-04-17 00:00:00','2015-10-15 00:00:00','2016-04-14 00:00:00','',1,'李洋','13688160678','新都镇城关（西）新城马超社区','34','孕妈妈'),(8,'2015-12-01 06:30:31','2015-12-07 07:43:22','郑希','','15881024691','','王君','王晓东','2015-05-06 00:00:00','2016-02-14 00:00:00','2015-08-04 00:00:00','2016-03-03 00:00:00','',1,'钟燃','15928744939','成都市高新区天顺路66号','25','孕妈妈'),(9,'2015-12-01 06:33:30','2015-12-07 07:44:13','鄢纬','','13689091879','','张红莉','王晓东','2015-05-14 00:00:00','2016-02-15 00:00:00','2015-08-13 00:00:00','2016-03-12 00:00:00','',1,'周子淳','','温江区长安路101号','29','孕妈妈'),(10,'2015-12-01 06:38:19','2015-12-07 07:45:35','岳进雪','','15828466663','','王君','游泳','2015-06-10 00:00:00','2016-03-21 00:00:00','2015-09-08 00:00:00','2016-04-07 00:00:00','',1,'汪懋强','13778572222','高新区西区合作镇街道办事处','24','孕妈妈'),(11,'2015-12-01 06:48:15','2015-12-07 07:46:47','袁利','','13881821657','','邱容','姚强','2015-07-07 00:00:00','2016-04-11 00:00:00','2015-10-08 00:00:00','2016-05-07 00:00:00','',1,'李建','13551830138','成都市天府新区华阳街道','28','孕妈妈'),(12,'2015-12-01 07:11:25','2015-12-01 07:13:31','胡成霞','','13880657995','','邱容','姚强','2015-06-14 00:00:00','2016-03-20 00:00:00','2015-09-08 00:00:00','2016-04-07 00:00:00','',1,'李圣冲','13308215673','成都市龙泉驿区龙泉街道办事处','41','孕妈妈'),(13,'2015-12-01 07:36:27','2015-12-01 07:37:19','汪蓓蓓','','18123233320','','王君','胡雅毅','2015-04-14 00:00:00','2016-01-24 00:00:00','2015-07-06 00:00:00','2016-02-05 00:00:00','',1,'邓可','18602862867','成都市高升桥东路9号竺桂苑','32','孕妈妈'),(14,'2015-12-01 08:00:32','2015-12-01 08:11:40','袁媛','511002198303275627','13880885327','','邱容','姚强','2015-06-15 00:00:00','2016-03-19 00:00:00','2015-09-10 00:00:00','2016-04-09 00:00:00','',1,'','13551111820','成都市武侯区簇桥街办','32','孕妈妈'),(16,'2015-12-07 08:06:36','2015-12-07 08:07:12','任敏','','18502835046','minzaier812','王君','胡雅毅','2015-08-22 00:00:00','2016-05-26 00:00:00','2015-11-09 00:00:00','2016-06-08 00:00:00','',1,'周楠','18615743128','','31','孕妈妈'),(17,'2015-12-07 08:17:51','2015-12-07 08:18:15','曲波','','13982102827','1111111','邱容','张力','2015-08-15 00:00:00','2016-05-18 00:00:00','2015-11-05 00:00:00','2016-06-04 00:00:00','',1,'张林','13982192327','武侯区双楠街道','33','孕妈妈');
/*!40000 ALTER TABLE `customer` ENABLE KEYS */;
UNLOCK TABLES;

--
-- Table structure for table `record`
--

DROP TABLE IF EXISTS `record`;
/*!40101 SET @saved_cs_client     = @@character_set_client */;
/*!40101 SET character_set_client = utf8 */;
CREATE TABLE `record` (
  `id` int(11) NOT NULL AUTO_INCREMENT,
  `customer_id` int(11) NOT NULL,
  `user_id` int(11) DEFAULT '0',
  `create_time` timestamp NOT NULL DEFAULT CURRENT_TIMESTAMP,
  `update_time` timestamp NOT NULL DEFAULT CURRENT_TIMESTAMP,
  `servicename` varchar(32) DEFAULT '',
  `visit_date` datetime NOT NULL,
  `visit_time` varchar(32) DEFAULT '',
  `visit_type` varchar(1024) DEFAULT '',
  `order_success` int(11) DEFAULT '0',
  `visit_doctor_name` varchar(32) DEFAULT '',
  `result` varchar(256) DEFAULT '',
  `doctor_advise` varchar(128) DEFAULT '',
  `remarks` varchar(128) DEFAULT '',
  `verify` int(11) DEFAULT '0',
  `visit_address` varchar(128) DEFAULT '',
  `status` int(11) DEFAULT '0',
  `fzinfo` varchar(1024) DEFAULT '',
  PRIMARY KEY (`id`),
  KEY `customer_id` (`customer_id`)
) ENGINE=InnoDB AUTO_INCREMENT=42 DEFAULT CHARSET=utf8;
/*!40101 SET character_set_client = @saved_cs_client */;

--
-- Dumping data for table `record`
--

LOCK TABLES `record` WRITE;
/*!40000 ALTER TABLE `record` DISABLE KEYS */;
INSERT INTO `record` VALUES (1,6,6,'2015-12-01 06:27:36','2015-12-01 06:27:36','邱容','2015-11-23 00:00:00','09:00','[\"建卡全套\"]',1,'游泳','孕12+2 宫高8 腹围75 血压85/58\n体重52','瘢痕子宫 定期产检 4-6周复诊\n建卡全套','',0,'产科',1,'[]'),(2,4,6,'2015-12-01 06:31:15','2015-12-01 06:31:15','邱容','2015-08-13 00:00:00','14:00','[\"建卡全套\"]',1,'彭冰','孕12+6 宫高9 腹围87 体重58公斤','建卡全套 4-5周复诊','',0,'产科',1,'[]'),(3,4,6,'2015-12-01 06:32:48','2015-12-01 06:32:48','邱容','2015-08-21 00:00:00','14:00','[\"建卡全套\"]',1,'彭冰','看报告','预约羊穿 4周复诊','',0,'产科',1,'[]'),(4,4,6,'2015-12-01 06:34:11','2015-12-01 06:34:11','邱容','2015-09-01 00:00:00','14:00','[\"就诊\"]',1,'彭冰','孕周15+4 宫高13 腹围89 血压114/68 体重60','5周复诊','',0,'产科',1,'[]'),(5,4,6,'2015-12-01 06:35:58','2015-12-01 06:35:58','邱容','2015-10-13 00:00:00','14:00','[\"就诊\"]',1,'彭冰','孕周21+4  宫高19 腹围95 血压117/68 体重64','6周复诊','',0,'产科',1,'[]'),(6,4,6,'2015-12-01 06:38:39','2015-12-01 06:38:39','邱容','2015-11-24 00:00:00','14:00','[\"就诊\"]',1,'彭冰','孕周27+4 宫高24 腹围97 血压117/77 体重65','4周复诊 GDM餐后血糖偏高 调整饮食 检测血糖','',0,'产科',1,'[]'),(7,5,6,'2015-12-01 06:46:37','2015-12-01 06:46:37','邱容','2015-09-30 00:00:00','09:00','[\"建卡全套\"]',1,'游泳','孕周11+6 宫高6 腹围79 血压118/77 体重60','4周复诊 建卡全套 ','',0,'产科',1,'[]'),(8,5,6,'2015-12-01 06:47:55','2015-12-01 06:47:55','邱容','2015-10-19 00:00:00','09:00','[\"就诊\"]',1,'游泳','孕周14+4 腹围14 宫高81 血压108/75 体重57','6周复诊','',0,'产科',1,'[]'),(9,12,6,'2015-12-01 07:15:36','2015-12-01 07:15:36','邱容','2015-09-08 00:00:00','14:00','[\"建卡全套\"]',1,'姚强','孕12+2 宫高10 腹围86 血压121/53 体重53.5','建卡全套 4-5周复诊','',0,'产科',1,'[]'),(10,12,6,'2015-12-01 07:17:52','2015-12-01 07:17:52','邱容','2015-10-15 00:00:00','14:00','[\"就诊\"]',1,'姚强','孕17+4周 宫高14 腹围91 血压125/78 体重56','预约羊水穿刺','',0,'产科',1,'[]'),(11,12,6,'2015-12-01 07:19:38','2015-12-01 07:33:19','邱容','2015-11-17 00:00:00','14:00','[\"就诊\"]',1,'姚强','孕22+2 体重59.5 血压112/67 宫高20 腹围94 ',' 75克糖 胎儿心脏系统彩超','2015.12.1下午15:00未接回访电话两次 王君12.1',0,'产科',1,'[]'),(12,13,6,'2015-12-01 07:39:13','2015-12-01 14:03:15','邱容','2015-07-06 00:00:00','14:00','[\"建卡全套\"]',1,'胡雅毅','孕11+6周 ','建卡全套','',0,'产科',1,'[]'),(13,13,6,'2015-12-01 07:48:27','2015-12-01 07:48:27','邱容','2015-08-06 00:00:00','14:00','[\"就诊\"]',1,'胡雅毅','孕16+2周 宫高12 腹围78 血压117/75 体重49','补铁补钙多种维生素','',0,'产科',1,'[]'),(14,13,6,'2015-12-01 07:50:35','2015-12-01 07:50:35','邱容','2015-09-10 00:00:00','14:00','[\"就诊\"]',1,'姚强','孕21+2 周 体重51 血压114/74 腹围79 宫高19','查75克糖 血尿常规','',0,'产科',1,'[]'),(15,13,6,'2015-12-01 07:52:43','2015-12-01 07:52:43','邱容','2015-10-08 00:00:00','14:00','[\"就诊\"]',1,'胡雅毅','孕25+2周 体重51 血压114/74 宫高21 腹围81 ','B超 4周复诊胎儿略小遗传咨询','',0,'产科',1,'[]'),(16,13,6,'2015-12-01 07:54:11','2015-12-01 07:54:11','邱容','2015-11-05 00:00:00','14:00','[\"就诊\"]',1,'胡雅毅','孕29+2 体重53 宫高26 腹围86 血压125/80','心电图 心脏彩超加彩超','',0,'产科',1,'[]'),(17,13,6,'2015-12-01 07:55:35','2015-12-01 07:55:35','邱容','2015-11-26 00:00:00','14:00','[\"就诊\"]',1,'姚强','孕周32+2周 体重59 血压114/77 宫高30 腹围90','肝肾功 血尿常规','',0,'产科',1,'[]'),(18,14,6,'2015-12-01 08:14:20','2015-12-01 08:14:20','邱容','2015-09-10 00:00:00','14:00','[\"建卡全套\"]',1,'姚强','孕12+3 体重58 腹围82 宫高7 血压104/62','定期产检 建卡全套','',0,'产科',1,'[]'),(19,14,6,'2015-12-01 08:15:30','2015-12-01 08:15:30','邱容','2015-10-08 00:00:00','14:00','[\"就诊\"]',1,'姚强','孕16+3周 宫高13 腹围87 血压111/69 体重62.5','唐筛','',0,'产科',1,'[]'),(20,14,6,'2015-12-01 08:16:32','2015-12-01 08:16:32','邱容','2015-10-15 00:00:00','14:00','[\"就诊\"]',1,'姚强','17+3周 看报告','','',0,'产科',1,'[]'),(21,14,6,'2015-12-01 08:18:07','2015-12-01 08:18:07','邱容','2015-11-05 00:00:00','14:00','[\"就诊\"]',1,'姚强','孕周20+3 体重64 血压113/71 腹围88 宫高17 腹围88','75克糖，血尿常规','',0,'产科',1,'[]'),(22,5,6,'2015-12-01 06:52:07','2015-12-02 06:52:07','邱容','2016-01-11 23:59:59','09:30','[\"就诊\"]',1,'游泳','','','上午游泳15号',0,'产科',0,'[]'),(23,12,6,'2015-12-01 07:21:16','2015-12-02 07:21:16','邱容','2015-12-22 23:59:59','14:30','[\"就诊\"]',1,'姚强','','','下午姚强39号',0,'产科',0,'[]'),(24,13,6,'2015-12-01 07:56:27','2015-12-02 07:56:27','邱容','2015-12-10 23:59:59','15:00','[\"就诊\"]',1,'胡雅毅','','','下午68号',0,'产科',0,'[]'),(25,14,6,'2015-12-01 08:18:50','2015-12-02 08:18:50','邱容','2015-12-10 23:59:59','15:00','[\"就诊\"]',1,'姚强','','','下午32号',0,'产科',0,'[]'),(26,2,6,'2015-12-07 06:55:22','2015-12-07 07:16:34','邱容','2015-06-12 00:00:00','08:30','[\"建卡全套\"]',1,'廖华','今日客户来院就诊，做了建卡全套NT彩超，早唐','预约胎儿心脏系统彩超，四周复诊看结果','',0,'产科',1,'[]'),(27,2,6,'2015-12-07 06:56:26','2015-12-07 07:19:11','陈淘','2015-06-17 00:00:00','09:00','[\"就诊\"]',1,'张力','今日客户就诊：血压100/74  腹围73 宫高9 体重44','补维生素 做中唐和尿常规','',0,'产科',1,'[]'),(28,2,6,'2015-12-07 07:20:58','2015-12-07 07:23:42','邱容','2015-07-15 00:00:00','09:00','[\"复诊\"]',1,'张力','今日客户来院就诊，医生为其测血压99/53 腹围79 宫高15 体重46','','',0,'产科',1,'[]'),(29,2,9,'2015-12-07 07:27:39','2015-12-07 07:40:42','陈淘','2015-08-26 00:00:00','09:00','[\"复诊\"]',1,'张力','体重48公斤，血压94/67，腹围83CM，宫高19CM','','',0,'产科',1,'[]'),(30,3,6,'2015-12-07 07:30:17','2015-12-07 07:38:28','陈淘','2015-11-19 00:00:00','09:00','[\"就诊\"]',1,'吕斌','今日客户来院就诊，医生为其测血压117/73 腹围81 宫高6 体重54','四周复诊 建卡全套  维生素','',1,'产科',1,'[{\"next_visit_date\":\"2015-12-10\",\"next_visit_time\":\"14:30\",\"next_order_success\":1,\"next_visit_doctor_name\":\"彭冰\",\"next_visit_type\":\"[\\\"复诊\\\"]\",\"next_visit_address\":\"\",\"next_visit_remarks\":\"\"}]'),(31,2,9,'2015-12-07 07:43:50','2015-12-07 07:46:38','陈淘','2015-09-23 00:00:00','09:00','[\"复诊\"]',1,'张力','孕周27+1，体重48.5KG,血压110/68，腹围85CM,宫高24CM.','','',0,'产科',1,'[]'),(32,11,6,'2015-12-07 07:47:41','2015-12-07 07:51:03','邱容','2015-10-08 00:00:00','09:00','[\"NT彩超\"]',1,'姚强','NT彩超：宫内胎儿顶臀长6.49 NT0.9 羊水2.8 宫内单活胎 孕妇右附件区囊性占位','','',0,'产科',1,'[]'),(33,2,9,'2015-12-07 07:48:53','2015-12-07 07:53:01','陈淘','2015-10-03 00:00:00','07:00','[\"复诊\"]',1,'张力','孕周28+4，体重48.5KG,血压103/70，腹围85CM,宫高27CM.','','',0,'产科',1,'[]'),(34,11,6,'2015-12-07 07:51:32','2015-12-07 07:52:45','邱容','2015-11-05 00:00:00','09:00','[\"复诊\"]',1,'姚强','孕周17+2 体重55 血压116/74 宫高10 腹围86 ','','',0,'产科',1,'[]'),(35,11,6,'2015-12-07 07:53:10','2015-12-07 07:57:11','陈淘','2015-12-03 00:00:00','14:00','[\"复诊\"]',1,'姚强','孕周21+2 宫高15 腹围86 血压106/76 体重56.5','','',1,'产科',1,'[{\"next_visit_date\":\"2015-12-22\",\"next_visit_time\":\"14:30\",\"next_order_success\":1,\"next_visit_doctor_name\":\"\",\"next_visit_type\":\"[\\\"75G糖\\\",\\\"胎儿心脏彩超\\\",\\\"胎儿系统彩超\\\"]\",\"next_visit_address\":\"\",\"next_visit_remarks\":\"\"},{\"next_visit_date\":\"2016-01-07\",\"next_visit_time\":\"07:00\",\"next_order_success\":1,\"next_visit_doctor_name\":\"姚强\",\"next_visit_type\":\"[\\\"复诊\\\"]\",\"next_visit_address\":\"\",\"next_visit_remarks\":\"下午就诊号16号\"}]'),(36,2,9,'2015-12-07 07:56:15','2015-12-07 07:59:16','陈淘','2015-11-11 00:00:00','09:00','[\"复诊\"]',1,'张力','孕周34+1，体重50.5KG,血压88/60，腹围91CM,宫高28CM.','','',0,'',1,'[]'),(37,2,9,'2015-12-07 08:00:33','2015-12-07 08:04:29','陈淘','2015-10-21 00:00:00','09:00','[\"复诊\"]',1,'张力','孕周31+1,体重49.5KG,血压94/63，腹围88CM,宫高28CM.','','',0,'产科',1,'[]'),(38,2,9,'2015-12-07 08:06:17','2015-12-07 08:08:31','陈淘','2015-11-25 00:00:00','09:00','[\"胎监\"]',1,'张力','孕周36+1，体重51KG,血压99/72，腹围91CM,宫高30CM。','','',0,'产科',1,'[]'),(39,16,6,'2015-12-07 08:08:26','2015-12-07 08:12:52','陈淘','2015-11-09 00:00:00','09:00','[\"建卡全套\"]',1,'胡雅毅','今日客户来院就诊，医生为其测血压106/77 腹围72','','',0,'产科',1,'[{\"next_visit_date\":\"2015-12-15\",\"next_visit_time\":\"07:00\",\"next_order_success\":1,\"next_visit_doctor_name\":\"胡雅毅\",\"next_visit_type\":\"[\\\"复诊\\\"]\",\"next_visit_address\":\"\",\"next_visit_remarks\":\"下午21号\"},{\"next_visit_date\":\"2016-02-03\",\"next_visit_time\":\"07:00\",\"next_order_success\":1,\"next_visit_doctor_name\":\"\",\"next_visit_type\":\"[\\\"胎儿心脏彩超\\\",\\\"胎儿系统彩超\\\"]\",\"next_visit_address\":\"\",\"next_visit_remarks\":\"\"}]'),(40,2,9,'2015-12-07 08:15:59','2015-12-07 08:23:21','陈淘','2015-12-02 00:00:00','09:00','[\"复诊\"]',1,'张力','孕周37+1，体重51.5KG,血压101/67，腹围93CM ,宫高33CM。','','',0,'产科',1,'[{\"next_visit_date\":\"2015-12-09\",\"next_visit_time\":\"09:00\",\"next_order_success\":0,\"next_visit_doctor_name\":\"张力\",\"next_visit_type\":\"[\\\"腹部彩超\\\"]\",\"next_visit_address\":\"\",\"next_visit_remarks\":\"加号\"}]'),(41,17,9,'2015-12-07 08:20:45','2015-12-07 08:52:08','陈淘','2015-11-05 00:00:00','09:00','[\"建卡全套\"]',1,'唐林','身高162cm   孕前体重60kG   建卡体重60kG','建卡全套','',0,'产科',1,'[{\"next_visit_date\":\"2015-12-22\",\"next_visit_time\":\"15:00\",\"next_order_success\":1,\"next_visit_doctor_name\":\"张力\",\"next_visit_type\":\"[\\\"复诊\\\"]\",\"next_visit_address\":\"二诊室\",\"next_visit_remarks\":\"下午16号\"}]');
/*!40000 ALTER TABLE `record` ENABLE KEYS */;
UNLOCK TABLES;

--
-- Table structure for table `user`
--

DROP TABLE IF EXISTS `user`;
/*!40101 SET @saved_cs_client     = @@character_set_client */;
/*!40101 SET character_set_client = utf8 */;
CREATE TABLE `user` (
  `id` int(11) NOT NULL AUTO_INCREMENT,
  `create_time` timestamp NOT NULL DEFAULT CURRENT_TIMESTAMP,
  `update_time` timestamp NOT NULL DEFAULT CURRENT_TIMESTAMP,
  `last_login_time` timestamp NOT NULL DEFAULT CURRENT_TIMESTAMP,
  `status` varchar(32) NOT NULL DEFAULT 'not actived',
  `privilege` int(11) NOT NULL DEFAULT '2006',
  `name` varchar(32) NOT NULL,
  `password` varchar(32) NOT NULL,
  `phonenumber` varchar(32) NOT NULL,
  `wx` varchar(32) DEFAULT '',
  PRIMARY KEY (`id`),
  UNIQUE KEY `name` (`name`),
  KEY `phonenumber` (`phonenumber`)
) ENGINE=InnoDB AUTO_INCREMENT=11 DEFAULT CHARSET=utf8;
/*!40101 SET character_set_client = @saved_cs_client */;

--
-- Dumping data for table `user`
--

LOCK TABLES `user` WRITE;
/*!40000 ALTER TABLE `user` DISABLE KEYS */;
INSERT INTO `user` VALUES (1,'2015-11-30 00:59:54','2015-11-30 00:59:54','2015-11-30 00:59:54','not actived',2038,'邱容','123456','13541235352',''),(3,'2015-11-30 00:59:54','2015-12-07 05:27:15','2015-12-07 05:26:51','actived',2006,'陈淘','555778','15198073537','Caroline1468178921'),(4,'2015-11-30 00:59:54','2015-11-30 00:59:54','2015-11-30 00:59:54','not actived',2006,'吕环宇','123456','13980870629',''),(5,'2015-11-30 00:59:54','2015-11-30 00:59:54','2015-11-30 00:59:54','not actived',2006,'余澜悦','123456','13980870629',''),(6,'2015-11-30 00:59:54','2015-11-30 00:59:54','2015-12-07 08:09:00','actived',2047,'王君','wj0629','13980870629','zz830629'),(7,'2015-11-30 00:59:54','2015-11-30 00:59:54','2015-11-30 00:59:54','not actived',2006,'余军','123456','15108407210','huaxibaishitong'),(8,'2015-11-30 00:59:54','2015-11-30 00:59:54','2015-11-30 00:59:54','not actived',2006,'李瑞雪','123456','18215676176','xue1599859401'),(9,'2015-12-01 06:40:16','2015-12-01 06:45:59','2015-12-07 08:48:43','actived',2006,'张洪莉','123456','18908182406','zhanghongli7202'),(10,'2015-12-07 06:46:25','2015-12-07 06:47:42','2015-12-07 06:47:33','actived',2006,'赵哥','1234567','18081189210','12345678');
/*!40000 ALTER TABLE `user` ENABLE KEYS */;
UNLOCK TABLES;
/*!40103 SET TIME_ZONE=@OLD_TIME_ZONE */;

/*!40101 SET SQL_MODE=@OLD_SQL_MODE */;
/*!40014 SET FOREIGN_KEY_CHECKS=@OLD_FOREIGN_KEY_CHECKS */;
/*!40014 SET UNIQUE_CHECKS=@OLD_UNIQUE_CHECKS */;
/*!40101 SET CHARACTER_SET_CLIENT=@OLD_CHARACTER_SET_CLIENT */;
/*!40101 SET CHARACTER_SET_RESULTS=@OLD_CHARACTER_SET_RESULTS */;
/*!40101 SET COLLATION_CONNECTION=@OLD_COLLATION_CONNECTION */;
/*!40111 SET SQL_NOTES=@OLD_SQL_NOTES */;

-- Dump completed on 2015-12-07 19:44:21
