-- MySQL dump 10.13  Distrib 5.6.27, for Linux (x86_64)
--
-- Host: localhost    Database: dtjx
-- ------------------------------------------------------
-- Server version	5.6.27

/*!40101 SET @OLD_CHARACTER_SET_CLIENT=@@CHARACTER_SET_CLIENT */;
/*!40101 SET @OLD_CHARACTER_SET_RESULTS=@@CHARACTER_SET_RESULTS */;
/*!40101 SET @OLD_COLLATION_CONNECTION=@@COLLATION_CONNECTION */;
/*!40101 SET NAMES utf8 */;
/*!40103 SET @OLD_TIME_ZONE=@@TIME_ZONE */;
/*!40103 SET TIME_ZONE='+00:00' */;
/*!40014 SET @OLD_UNIQUE_CHECKS=@@UNIQUE_CHECKS, UNIQUE_CHECKS=0 */;
/*!40014 SET @OLD_FOREIGN_KEY_CHECKS=@@FOREIGN_KEY_CHECKS, FOREIGN_KEY_CHECKS=0 */;
/*!40101 SET @OLD_SQL_MODE=@@SQL_MODE, SQL_MODE='NO_AUTO_VALUE_ON_ZERO' */;
/*!40111 SET @OLD_SQL_NOTES=@@SQL_NOTES, SQL_NOTES=0 */;

--
-- Table structure for table `customer`
--

DROP TABLE IF EXISTS `customer`;
/*!40101 SET @saved_cs_client     = @@character_set_client */;
/*!40101 SET character_set_client = utf8 */;
CREATE TABLE `customer` (
  `id` int(11) NOT NULL AUTO_INCREMENT,
  `create_time` timestamp NOT NULL DEFAULT CURRENT_TIMESTAMP,
  `update_time` timestamp NOT NULL DEFAULT CURRENT_TIMESTAMP,
  `name` varchar(32) NOT NULL,
  `idnumber` varchar(32) DEFAULT '',
  `phonenumber` varchar(32) NOT NULL,
  `wx` varchar(32) DEFAULT '',
  `sellname` varchar(32) DEFAULT '',
  `doctor_name` varchar(32) DEFAULT '',
  `last_menses_time` datetime DEFAULT NULL,
  `due_time` datetime DEFAULT NULL,
  `order_time` datetime DEFAULT NULL,
  `order_over_time` datetime DEFAULT NULL,
  `remarks` varchar(128) DEFAULT '',
  `vip` int(11) DEFAULT '0',
  `familyname` varchar(32) DEFAULT '',
  `familyphonenumber` varchar(32) DEFAULT '',
  `address` varchar(128) DEFAULT '',
  `age` varchar(32) DEFAULT '',
  `customer_type` varchar(32) DEFAULT '',
  `review_time` datetime DEFAULT NULL,
  `review_content` varchar(256) DEFAULT '',
  PRIMARY KEY (`id`),
  KEY `name` (`name`),
  KEY `phonenumber` (`phonenumber`)
) ENGINE=InnoDB AUTO_INCREMENT=50 DEFAULT CHARSET=utf8;
/*!40101 SET character_set_client = @saved_cs_client */;

--
-- Dumping data for table `customer`
--

LOCK TABLES `customer` WRITE;
/*!40000 ALTER TABLE `customer` DISABLE KEYS */;
INSERT INTO `customer` VALUES (2,'2015-11-30 09:01:00','2015-12-07 07:24:25','钟佳怡','','18628218625','','王君','张力','2015-03-16 00:00:00','2015-12-22 00:00:00','2015-06-12 00:00:00','2016-01-11 00:00:00','',1,'','','','33','孕妈妈','0000-00-00 00:00:00',''),(3,'2015-12-01 05:48:06','2015-12-07 07:26:55','谢文勤','','18981738525','','陈淘','彭冰','2015-08-24 00:00:00','2016-05-29 00:00:00','2015-11-29 00:00:00','2016-06-28 00:00:00','',1,'余任游','18783754105','','31','孕妈妈','0000-00-00 00:00:00',''),(4,'2015-12-01 05:52:21','2015-12-01 05:53:00','吴建华','','13880705598','','邱容','彭冰','2015-05-15 00:00:00','2016-02-22 00:00:00','2015-08-13 00:00:00','2016-02-12 00:00:00','',1,'柳科新','13880615516','','35','孕妈妈','0000-00-00 00:00:00',''),(5,'2015-12-01 05:55:54','2015-12-01 06:25:05','曾萍','','13086621333','','王君','游泳','2015-07-09 00:00:00','2016-04-13 00:00:00','2015-09-30 00:00:00','2016-04-29 00:00:00','',1,'苏胜强','13990938911','','34','孕妈妈','0000-00-00 00:00:00',''),(6,'2015-12-01 06:23:07','2015-12-01 06:24:35','王惠','','13540794444','','邱容','彭冰','2015-08-29 00:00:00','2016-06-09 00:00:00','2015-11-23 00:00:00','2016-05-22 00:00:00','',1,'李鑫恒','18628015728','成都市锦江区东光街办','29','孕妈妈','0000-00-00 00:00:00',''),(7,'2015-12-01 06:26:26','2015-12-07 07:40:14','赵轶','','13908221270','','王君','姚强','2015-07-11 00:00:00','2016-04-17 00:00:00','2015-10-15 00:00:00','2016-04-14 00:00:00','',1,'李洋','13688160678','新都镇城关（西）新城马超社区','34','孕妈妈','0000-00-00 00:00:00',''),(8,'2015-12-01 06:30:31','2015-12-07 07:43:22','郑希','','15881024691','','王君','王晓东','2015-05-06 00:00:00','2016-02-14 00:00:00','2015-08-04 00:00:00','2016-03-03 00:00:00','',1,'钟燃','15928744939','成都市高新区天顺路66号','25','孕妈妈','0000-00-00 00:00:00',''),(9,'2015-12-01 06:33:30','2015-12-07 07:44:13','鄢纬','','13689091879','','张红莉','王晓东','2015-05-14 00:00:00','2016-02-15 00:00:00','2015-08-13 00:00:00','2016-03-12 00:00:00','',1,'周子淳','','温江区长安路101号','29','孕妈妈','0000-00-00 00:00:00',''),(10,'2015-12-01 06:38:19','2015-12-07 07:45:35','岳进雪','','15828466663','','王君','游泳','2015-06-10 00:00:00','2016-03-21 00:00:00','2015-09-08 00:00:00','2016-04-07 00:00:00','',1,'汪懋强','13778572222','高新区西区合作镇街道办事处','24','孕妈妈','0000-00-00 00:00:00',''),(11,'2015-12-01 06:48:15','2015-12-07 07:46:47','袁利','','13881821657','','邱容','姚强','2015-07-07 00:00:00','2016-04-11 00:00:00','2015-10-08 00:00:00','2016-05-07 00:00:00','',1,'李建','13551830138','成都市天府新区华阳街道','28','孕妈妈','0000-00-00 00:00:00',''),(13,'2015-12-01 07:36:27','2015-12-01 07:37:19','汪蓓蓓','','18123233320','','王君','胡雅毅','2015-04-14 00:00:00','2016-01-24 00:00:00','2015-07-06 00:00:00','2016-02-05 00:00:00','',1,'邓可','18602862867','成都市高升桥东路9号竺桂苑','32','孕妈妈','0000-00-00 00:00:00',''),(14,'2015-12-01 08:00:32','2015-12-01 08:11:40','袁媛','511002198303275627','13880885327','','邱容','姚强','2015-06-15 00:00:00','2016-03-19 00:00:00','2015-09-10 00:00:00','2016-04-09 00:00:00','',1,'','13551111820','成都市武侯区簇桥街办','32','孕妈妈','0000-00-00 00:00:00',''),(16,'2015-12-07 08:06:36','2015-12-07 08:07:12','任敏','','18502835046','minzaier812','王君','胡雅毅','2015-08-22 00:00:00','2016-05-26 00:00:00','2015-11-09 00:00:00','2016-06-08 00:00:00','',1,'周楠','18615743128','','31','孕妈妈','0000-00-00 00:00:00',''),(17,'2015-12-07 08:17:51','2015-12-07 08:18:15','曲波','','13982102827','1111111','邱容','张力','2015-08-15 00:00:00','2016-05-18 00:00:00','2015-11-05 00:00:00','2016-06-04 00:00:00','',1,'张林','13982192327','武侯区双楠街道','33','孕妈妈','0000-00-00 00:00:00',''),(18,'2015-12-08 04:29:06','2015-12-08 04:30:07','杜青','','13088005334','111111','王君','游泳','2015-07-04 00:00:00','2016-04-11 00:00:00','2015-09-30 00:00:00','2016-04-29 00:00:00','',1,'张鹏','13880642980','武侯区红牌楼街道办','29','孕妈妈','0000-00-00 00:00:00',''),(19,'2015-12-08 04:48:02','2015-12-08 04:48:24','曹亚琴','','15928028370','QINQIN1987711','王君','周容','2015-05-04 00:00:00','2016-02-11 00:00:00','2015-08-26 00:00:00','2016-03-25 00:00:00','',1,'张福成','13708008829','成都市高新区神仙路元华二巷紫荆春天5栋3-9','28','孕妈妈','0000-00-00 00:00:00',''),(20,'2015-12-08 05:11:43','2015-12-08 05:12:14','邓杰文','','15882073756','dengmadman1006','王君','胡雅毅','2015-05-26 00:00:00','2016-03-04 00:00:00','2015-08-17 00:00:00','2016-03-16 00:00:00','',1,'千国有','13608190875','成都市成华区东方惠城A-7-2-2005','25','孕妈妈','0000-00-00 00:00:00',''),(21,'2015-12-08 05:26:54','2015-12-08 05:27:33','邓红丽','510122199211251921','18200156703','111111','邱容','姚强','2015-07-07 00:00:00','2016-04-12 00:00:00','2015-10-27 00:00:00','2016-04-26 00:00:00','',1,'谭宇','18280497710','成都市锦江区龙舟路街道','23','孕妈妈','0000-00-00 00:00:00',''),(22,'2015-12-08 06:04:25','2015-12-08 06:05:10','邓晓兰','','13808191662','yukyyoyo','王君','游泳','2015-03-28 00:00:00','2015-12-30 00:00:00','2015-06-29 00:00:00','2016-01-28 00:00:00','',1,'杨世柳','13688083725','成都市青羊区双新南路艺水芳乡','33','孕妈妈','0000-00-00 00:00:00',''),(24,'2015-12-08 06:44:04','2015-12-08 06:44:34','陈凌','','13688124777','111111','陈淘','张力','2015-08-20 00:00:00','2016-05-26 00:00:00','2015-11-13 00:00:00','2016-06-12 00:00:00','',1,'白天','13679080191','成都市高新区中和街道','31','孕妈妈','0000-00-00 00:00:00',''),(25,'2015-12-08 06:53:22','2015-12-08 06:53:52','陈晓容','','18602885823','111111','王君','姚强','2015-08-05 00:00:00','2016-05-11 00:00:00','2015-10-27 00:00:00','2016-05-26 00:00:00','',1,'申楚鹏','13980880713','成都市武侯区簇桥街道','31','孕妈妈','0000-00-00 00:00:00',''),(26,'2015-12-08 07:21:34','2015-12-08 07:22:16','龙维佳','','13981880865','Mandy-lony','邱容','游泳','2015-05-30 00:00:00','2016-03-06 00:00:00','2015-08-19 00:00:00','2016-03-18 00:00:00','',1,'桑建','13808235044','成都市高新区益州大道盛邦街华府西苑7-130','36','孕妈妈','0000-00-00 00:00:00',''),(27,'2015-12-08 07:58:52','2015-12-08 08:00:40','韩琳','','13808082972','yuerbaibai999','邱容','周容','2015-04-12 00:00:00','2016-01-25 00:00:00','2015-07-09 00:00:00','2016-02-08 00:00:00','',1,'陈川','13808081972','成都市高新区九兴大道七号','26','孕妈妈','0000-00-00 00:00:00',''),(28,'2015-12-08 08:19:38','2015-12-08 08:20:26','周婧','511025198307319089','18048527180','hankhan9527','王君','游泳','2015-06-15 00:00:00','2016-03-22 00:00:00','2015-09-10 00:00:00','2016-04-09 00:00:00','',1,'韩宁远','18048537180','成都市武侯区簇桥街道','32','孕妈妈','0000-00-00 00:00:00',''),(29,'2015-12-08 08:31:22','2015-12-08 08:31:47','杨琳','510105198106080285','13709034381','wangjigang567276 客户老公','邱容','游泳','2015-06-17 00:00:00','2016-03-23 00:00:00','2015-09-14 00:00:00','2016-04-13 00:00:00','',1,'王继刚','13880471978','成都锦江区狮子山街办','34','孕妈妈','0000-00-00 00:00:00',''),(30,'2015-12-08 08:39:34','2015-12-08 08:39:55','叶禾','','13693452866','doris-yh','张洪莉','彭冰','2015-03-27 00:00:00','2016-01-01 00:00:00','2015-07-09 00:00:00','2016-02-08 00:00:00','',1,'胡斌','13693452837','成都市锦江区经天路8号','33','孕妈妈','0000-00-00 00:00:00',''),(31,'2015-12-08 08:55:35','2015-12-08 08:56:24','严海燕','','18080912459','111111','邱容','游泳','2015-03-19 00:00:00','2015-12-28 00:00:00','2015-06-15 00:00:00','2016-01-14 00:00:00','',1,'王俊','18608045769','成都市锦江区琉璃路299号','32','孕妈妈','0000-00-00 00:00:00',''),(32,'2015-12-08 09:09:32','2015-12-08 09:11:02','刘文黎','','15882422110','15882422110','王君','张力','2015-08-08 00:00:00','2016-05-22 00:00:00','2015-11-05 00:00:00','2016-06-04 00:00:00','',1,'万劼','15982381090','成都市成华区桃溪街道','28','孕妈妈','0000-00-00 00:00:00',''),(33,'2015-12-08 09:23:03','2015-12-08 09:23:31','冯佳','','15902826086','fengjia1218','王君','姚强','2015-07-22 00:00:00','2016-04-22 00:00:00','2015-10-13 00:00:00','2016-05-12 00:00:00','',1,'周晓辉','13880726889','成都市高新区桂溪街道办事处','30','孕妈妈','0000-00-00 00:00:00',''),(34,'2015-12-08 09:31:46','2015-12-08 09:32:08','傅星宇','','13550100599','13550100599','王君','姚强','2015-07-16 00:00:00','2016-04-24 00:00:00','2015-10-09 00:00:00','2016-05-08 00:00:00','',1,'张夏','13908040194','成都市高新区桂溪街道办事处','28','孕妈妈','0000-00-00 00:00:00',''),(35,'2015-12-08 09:42:34','2015-12-08 09:43:00','杭远','','13550091121','Ayu-pink','张洪莉','姚强','2015-05-11 00:00:00','2016-02-19 00:00:00','2015-08-04 00:00:00','2016-03-03 00:00:00','',1,'刘肖','15184344444','成都市武侯区太平园中六路166号','31','孕妈妈','0000-00-00 00:00:00',''),(36,'2015-12-08 09:52:14','2015-12-08 09:52:40','高小茜','','13608093191','Jenny-Gao1218','王君','张力','2015-08-26 00:00:00','2016-06-04 00:00:00','2015-11-18 00:00:00','2016-06-17 00:00:00','',1,'甘炜','13689097382','成都市高新区石羊街道办事处','28','孕妈妈','0000-00-00 00:00:00',''),(37,'2015-12-08 10:03:54','2015-12-08 10:05:48','胡元丽','','13458681887','H13458681887','邱容','游泳','2015-04-18 00:00:00','2016-01-23 00:00:00','2015-07-06 00:00:00','2016-02-05 00:00:00','',1,'吕进华','','成都市新都区斑竹园镇雷家村2组','27','孕妈妈','0000-00-00 00:00:00',''),(38,'2015-12-08 10:36:27','2015-12-08 10:36:53','何深','','13890015552','13890015552','王君','李维敏','2015-05-20 00:00:00','2016-03-30 00:00:00','2015-09-17 00:00:00','2016-04-16 00:00:00','未签客户',1,'邓勇','18602885188','','26','孕妈妈','0000-00-00 00:00:00',''),(39,'2015-12-08 10:46:06','2015-12-08 10:46:30','胡成霞','510112197408121520','13880657995','13880657995','邱容','姚强','2015-06-14 00:00:00','2016-03-20 00:00:00','2015-09-09 00:00:00','2016-04-08 00:00:00','',1,'李圣冲','13308215673','成都市龙泉驿区龙泉街道办','41','孕妈妈','0000-00-00 00:00:00',''),(40,'2015-12-08 10:57:10','2015-12-08 10:57:37','胡文颖','','13880791339','13880791339','王君','姚强','2015-09-13 00:00:00','2016-06-19 00:00:00','2015-12-04 00:00:00','2016-07-03 00:00:00','',1,'黄俊峰','13568813130','成都市金牛区茶店子街道','29','孕妈妈','0000-00-00 00:00:00',''),(41,'2015-12-08 11:05:02','2015-12-08 11:05:23','郭玮','510108198010120325','18683375274','jace28185218','王君','游泳','2015-06-25 00:00:00','2016-03-30 00:00:00','2015-09-14 00:00:00','2016-04-13 00:00:00','',1,'宋劲松','13018219875','成都市高新区芳草街道办','35','孕妈妈','0000-00-00 00:00:00',''),(42,'2015-12-08 11:20:21','2015-12-08 11:20:45','贾荔瑶','','13679011341','13679011341','王君','姚强','2015-06-06 00:00:00','2016-03-14 00:00:00','2015-09-01 00:00:00','2016-04-30 00:00:00','',1,'覃朗','13258178303','成都市武侯区鹭岛国际3期','28','孕妈妈','0000-00-00 00:00:00',''),(43,'2015-12-08 11:29:48','2015-12-08 11:30:43','贾琪','','15228977021','jiaqi81685177','王君','姚强','2015-07-08 00:00:00','2016-04-15 00:00:00','2015-09-01 00:00:00','2016-04-30 00:00:00','',1,'王洪旭','18602812012','成都市成华区万年场街办','29','孕妈妈','0000-00-00 00:00:00',''),(44,'2015-12-08 11:39:58','2015-12-08 11:40:39','李露','510183198911033325','18608040727','Yulu13142','邱容','游泳','2015-08-17 00:00:00','2016-05-20 00:00:00','2015-11-06 00:00:00','2016-04-05 00:00:00','',1,'李雨松','18628106444','成都市高新区石羊街道办事处','26','孕妈妈','0000-00-00 00:00:00',''),(45,'2015-12-08 11:49:36','2015-12-08 11:49:54','林媛','','18982063399','18982063399','张洪莉','王晓东','2015-08-10 00:00:00','2016-05-14 00:00:00','2015-11-09 00:00:00','2016-06-08 00:00:00','',1,'李文学','15828308844','成都市锦江区狮子街办','36','孕妈妈','0000-00-00 00:00:00',''),(46,'2015-12-08 11:59:35','2015-12-08 12:00:15','李红','510122198209064129','13980892875','13980892875','邱容','姚强','2015-08-30 00:00:00','2016-06-01 00:00:00','2015-11-25 00:00:00','2016-06-24 00:00:00','',1,'陈有志','13688006757','成都市双流县东升街道办','33','孕妈妈','0000-00-00 00:00:00',''),(47,'2015-12-08 12:08:14','2015-12-08 12:09:22','刘红','','13708183712','13708183712','王君','胡雅毅','2015-07-10 00:00:00','2016-04-10 00:00:00','2015-10-22 00:00:00','2016-05-21 00:00:00','',1,'杨涛','13666209926','成都市青羊区苏坡街道办','31','孕妈妈','0000-00-00 00:00:00',''),(48,'2015-12-08 12:16:29','2015-12-08 12:16:53','李俊','','13730880304','xiaoxiao-chengdou','邱容','胡雅毅','2015-04-17 00:00:00','2016-01-18 00:00:00','2015-07-14 00:00:00','2016-02-13 00:00:00','',1,'张远见','15882145051','成都市双流县航空港长江路一段上优水岸4-2-3','33','孕妈妈','0000-00-00 00:00:00','');
/*!40000 ALTER TABLE `customer` ENABLE KEYS */;
UNLOCK TABLES;

--
-- Table structure for table `record`
--

DROP TABLE IF EXISTS `record`;
/*!40101 SET @saved_cs_client     = @@character_set_client */;
/*!40101 SET character_set_client = utf8 */;
CREATE TABLE `record` (
  `id` int(11) NOT NULL AUTO_INCREMENT,
  `customer_id` int(11) NOT NULL,
  `user_id` int(11) DEFAULT '0',
  `create_time` timestamp NOT NULL DEFAULT CURRENT_TIMESTAMP,
  `update_time` timestamp NOT NULL DEFAULT CURRENT_TIMESTAMP,
  `servicename` varchar(32) DEFAULT '',
  `visit_date` datetime NOT NULL,
  `visit_time` varchar(32) DEFAULT '',
  `visit_type` varchar(1024) DEFAULT '',
  `order_success` int(11) DEFAULT '0',
  `visit_doctor_name` varchar(32) DEFAULT '',
  `result` varchar(256) DEFAULT '',
  `doctor_advise` varchar(128) DEFAULT '',
  `remarks` varchar(128) DEFAULT '',
  `verify` int(11) DEFAULT '0',
  `visit_address` varchar(128) DEFAULT '',
  `status` int(11) DEFAULT '0',
  `fzinfo` varchar(1024) DEFAULT '',
  PRIMARY KEY (`id`),
  KEY `customer_id` (`customer_id`)
) ENGINE=InnoDB AUTO_INCREMENT=230 DEFAULT CHARSET=utf8;
/*!40101 SET character_set_client = @saved_cs_client */;

--
-- Dumping data for table `record`
--

LOCK TABLES `record` WRITE;
/*!40000 ALTER TABLE `record` DISABLE KEYS */;
INSERT INTO `record` VALUES (1,6,6,'2015-12-01 06:27:36','2015-12-08 14:05:46','邱容','2015-11-23 00:00:00','09:00','[\"建卡全套\"]',1,'游泳','孕12+2 宫高8 腹围75 血压85/58\n体重52','瘢痕子宫 定期产检 4-6周复诊\n建卡全套','',1,'产科',1,'[]'),(2,4,6,'2015-12-01 06:31:15','2015-12-08 14:05:35','邱容','2015-08-13 00:00:00','14:00','[\"建卡全套\"]',1,'彭冰','孕12+6 宫高9 腹围87 体重58公斤','建卡全套 4-5周复诊','',1,'产科',1,'[]'),(3,4,6,'2015-12-01 06:32:48','2015-12-08 14:05:28','邱容','2015-08-21 00:00:00','14:00','[\"建卡全套\"]',1,'彭冰','看报告','预约羊穿 4周复诊','',1,'产科',1,'[]'),(4,4,6,'2015-12-01 06:34:11','2015-12-08 14:05:18','邱容','2015-09-01 00:00:00','14:00','[\"就诊\"]',1,'彭冰','孕周15+4 宫高13 腹围89 血压114/68 体重60','5周复诊','',1,'产科',1,'[]'),(5,4,6,'2015-12-01 06:35:58','2015-12-08 14:05:05','邱容','2015-10-13 00:00:00','14:00','[\"就诊\"]',1,'彭冰','孕周21+4  宫高19 腹围95 血压117/68 体重64','6周复诊','',1,'产科',1,'[]'),(6,4,6,'2015-12-01 06:38:39','2015-12-07 12:55:53','邱容','2015-11-24 00:00:00','14:00','[\"就诊\"]',1,'彭冰','孕周27+4 宫高24 腹围97 血压117/77 体重65','4周复诊 GDM餐后血糖偏高 调整饮食 检测血糖','',1,'产科',1,'[]'),(7,5,6,'2015-12-01 06:46:37','2015-12-08 14:05:41','邱容','2015-09-30 00:00:00','09:00','[\"建卡全套\"]',1,'游泳','孕周11+6 宫高6 腹围79 血压118/77 体重60','4周复诊 建卡全套 ','',1,'产科',1,'[]'),(8,5,6,'2015-12-01 06:47:55','2015-12-08 14:04:56','邱容','2015-10-19 00:00:00','09:00','[\"就诊\"]',1,'游泳','孕周14+4 腹围14 宫高81 血压108/75 体重57','6周复诊','',1,'产科',1,'[]'),(9,39,6,'2015-12-01 07:15:36','2015-12-01 07:15:36','邱容','2015-09-08 00:00:00','14:00','[\"建卡全套\"]',1,'姚强','孕12+2 宫高10 腹围86 血压121/53 体重53.5','建卡全套 4-5周复诊','',0,'产科',1,'[]'),(10,39,6,'2015-12-01 07:17:52','2015-12-01 07:17:52','邱容','2015-10-15 00:00:00','14:00','[\"就诊\"]',1,'姚强','孕17+4周 宫高14 腹围91 血压125/78 体重56','预约羊水穿刺','',0,'产科',1,'[]'),(11,39,6,'2015-12-01 07:19:38','2015-12-01 07:33:19','邱容','2015-11-17 00:00:00','14:00','[\"就诊\"]',1,'姚强','孕22+2 体重59.5 血压112/67 宫高20 腹围94 ',' 75克糖 胎儿心脏系统彩超','2015.12.1下午15:00未接回访电话两次 王君12.1',0,'产科',1,'[]'),(12,13,6,'2015-12-01 07:39:13','2015-12-08 14:04:01','邱容','2015-07-06 00:00:00','14:00','[\"建卡全套\"]',1,'胡雅毅','孕11+6周 ','建卡全套','',1,'产科',1,'[]'),(13,13,6,'2015-12-01 07:48:27','2015-12-08 14:04:50','邱容','2015-08-06 00:00:00','14:00','[\"就诊\"]',1,'胡雅毅','孕16+2周 宫高12 腹围78 血压117/75 体重49','补铁补钙多种维生素','',1,'产科',1,'[]'),(14,13,6,'2015-12-01 07:50:35','2015-12-08 14:04:45','邱容','2015-09-10 00:00:00','14:00','[\"就诊\"]',1,'姚强','孕21+2 周 体重51 血压114/74 腹围79 宫高19','查75克糖 血尿常规','',1,'产科',1,'[]'),(15,13,6,'2015-12-01 07:52:43','2015-12-08 14:04:35','邱容','2015-10-08 00:00:00','14:00','[\"就诊\"]',1,'胡雅毅','孕25+2周 体重51 血压114/74 宫高21 腹围81 ','B超 4周复诊胎儿略小遗传咨询','',1,'产科',1,'[]'),(16,13,6,'2015-12-01 07:54:11','2015-12-08 14:04:23','邱容','2015-11-05 00:00:00','14:00','[\"就诊\"]',1,'胡雅毅','孕29+2 体重53 宫高26 腹围86 血压125/80','心电图 心脏彩超加彩超','',1,'产科',1,'[]'),(17,13,6,'2015-12-01 07:55:35','2015-12-08 14:04:17','邱容','2015-11-26 00:00:00','14:00','[\"就诊\"]',1,'姚强','孕周32+2周 体重59 血压114/77 宫高30 腹围90','肝肾功 血尿常规','',1,'产科',1,'[]'),(18,14,6,'2015-12-01 08:14:20','2015-12-08 14:04:17','邱容','2015-09-10 00:00:00','14:00','[\"建卡全套\"]',1,'姚强','孕12+3 体重58 腹围82 宫高7 血压104/62','定期产检 建卡全套','',1,'产科',1,'[]'),(19,14,6,'2015-12-01 08:15:30','2015-12-08 14:04:01','邱容','2015-10-08 00:00:00','14:00','[\"就诊\"]',1,'姚强','孕16+3周 宫高13 腹围87 血压111/69 体重62.5','唐筛','',1,'产科',1,'[]'),(20,14,6,'2015-12-01 08:16:32','2015-12-08 14:04:01','邱容','2015-10-15 00:00:00','14:00','[\"就诊\"]',1,'姚强','17+3周 看报告','','',1,'产科',1,'[]'),(21,14,6,'2015-12-01 08:18:07','2015-12-07 12:54:32','邱容','2015-11-05 00:00:00','14:00','[\"就诊\"]',1,'姚强','孕周20+3 体重64 血压113/71 腹围88 宫高17 腹围88','75克糖，血尿常规','',1,'产科',1,'[]'),(22,5,6,'2015-12-01 06:52:07','2015-12-02 06:52:07','邱容','2016-01-11 23:59:59','09:30','[\"就诊\"]',1,'游泳','','','上午游泳15号',0,'产科',0,'[]'),(23,12,6,'2015-12-01 07:21:16','2015-12-02 07:21:16','邱容','2015-12-22 23:59:59','14:30','[\"就诊\"]',1,'姚强','','','下午姚强39号',0,'产科',0,'[]'),(24,13,6,'2015-12-01 07:56:27','2015-12-02 07:56:27','邱容','2015-12-10 23:59:59','15:00','[\"就诊\"]',1,'胡雅毅','','','下午68号',0,'产科',0,'[]'),(25,14,6,'2015-12-01 08:18:50','2015-12-02 08:18:50','邱容','2015-12-10 23:59:59','15:00','[\"就诊\"]',1,'姚强','','','下午32号',0,'产科',0,'[]'),(26,2,6,'2015-12-07 06:55:22','2015-12-08 14:04:01','邱容','2015-06-12 00:00:00','08:30','[\"建卡全套\"]',1,'廖华','今日客户来院就诊，做了建卡全套NT彩超，早唐','预约胎儿心脏系统彩超，四周复诊看结果','',1,'产科',1,'[]'),(27,2,6,'2015-12-07 06:56:26','2015-12-08 14:03:44','陈淘','2015-06-17 00:00:00','09:00','[\"就诊\"]',1,'张力','今日客户就诊：血压100/74  腹围73 宫高9 体重44','补维生素 做中唐和尿常规','',1,'产科',1,'[]'),(28,2,6,'2015-12-07 07:20:58','2015-12-08 14:03:39','邱容','2015-07-15 00:00:00','09:00','[\"复诊\"]',1,'张力','今日客户来院就诊，医生为其测血压99/53 腹围79 宫高15 体重46','','',1,'产科',1,'[]'),(29,2,9,'2015-12-07 07:27:39','2015-12-08 14:03:26','陈淘','2015-08-26 00:00:00','09:00','[\"复诊\"]',1,'张力','体重48公斤，血压94/67，腹围83CM，宫高19CM','','',1,'产科',1,'[]'),(30,3,6,'2015-12-07 07:30:17','2015-12-08 14:03:33','陈淘','2015-11-19 00:00:00','09:00','[\"就诊\"]',1,'吕斌','今日客户来院就诊，医生为其测血压117/73 腹围81 宫高6 体重54','四周复诊 建卡全套  维生素','',1,'产科',1,'[{\"next_visit_date\":\"2015-12-10\",\"next_visit_time\":\"14:30\",\"next_order_success\":1,\"next_visit_doctor_name\":\"彭冰\",\"next_visit_type\":\"[\\\"复诊\\\"]\",\"next_visit_address\":\"\",\"next_visit_remarks\":\"\"}]'),(31,2,9,'2015-12-07 07:43:50','2015-12-08 14:03:22','陈淘','2015-09-23 00:00:00','09:00','[\"复诊\"]',1,'张力','孕周27+1，体重48.5KG,血压110/68，腹围85CM,宫高24CM.','','',1,'产科',1,'[]'),(32,11,6,'2015-12-07 07:47:41','2015-12-08 14:03:16','邱容','2015-10-08 00:00:00','09:00','[\"NT彩超\"]',1,'姚强','NT彩超：宫内胎儿顶臀长6.49 NT0.9 羊水2.8 宫内单活胎 孕妇右附件区囊性占位','','',1,'产科',1,'[]'),(33,2,9,'2015-12-07 07:48:53','2015-12-08 14:03:05','陈淘','2015-10-03 00:00:00','07:00','[\"复诊\"]',1,'张力','孕周28+4，体重48.5KG,血压103/70，腹围85CM,宫高27CM.','','',1,'产科',1,'[]'),(34,11,6,'2015-12-07 07:51:32','2015-12-08 14:03:12','邱容','2015-11-05 00:00:00','09:00','[\"复诊\"]',1,'姚强','孕周17+2 体重55 血压116/74 宫高10 腹围86 ','','',1,'产科',1,'[]'),(35,11,6,'2015-12-07 07:53:10','2015-12-07 12:53:24','陈淘','2015-12-03 00:00:00','14:00','[\"复诊\"]',1,'姚强','孕周21+2 宫高15 腹围86 血压106/76 体重56.5','','',1,'产科',1,'[{\"next_visit_date\":\"2015-12-22\",\"next_visit_time\":\"14:30\",\"next_order_success\":1,\"next_visit_doctor_name\":\"\",\"next_visit_type\":\"[\\\"75G糖\\\",\\\"胎儿心脏彩超\\\",\\\"胎儿系统彩超\\\"]\",\"next_visit_address\":\"\",\"next_visit_remarks\":\"\"},{\"next_visit_date\":\"2016-01-07\",\"next_visit_time\":\"07:00\",\"next_order_success\":1,\"next_visit_doctor_name\":\"姚强\",\"next_visit_type\":\"[\\\"复诊\\\"]\",\"next_visit_address\":\"\",\"next_visit_remarks\":\"下午就诊号16号\"}]'),(36,2,9,'2015-12-07 07:56:15','2015-12-08 14:03:01','陈淘','2015-11-11 00:00:00','09:00','[\"复诊\"]',1,'张力','孕周34+1，体重50.5KG,血压88/60，腹围91CM,宫高28CM.','','',1,'',1,'[]'),(37,2,9,'2015-12-07 08:00:33','2015-12-08 14:02:56','陈淘','2015-10-21 00:00:00','09:00','[\"复诊\"]',1,'张力','孕周31+1,体重49.5KG,血压94/63，腹围88CM,宫高28CM.','','',1,'产科',1,'[]'),(38,2,9,'2015-12-07 08:06:17','2015-12-08 14:02:51','陈淘','2015-11-25 00:00:00','09:00','[\"胎监\"]',1,'张力','孕周36+1，体重51KG,血压99/72，腹围91CM,宫高30CM。','','',1,'产科',1,'[]'),(39,16,6,'2015-12-07 08:08:26','2015-12-07 12:52:37','陈淘','2015-11-09 00:00:00','09:00','[\"建卡全套\"]',1,'胡雅毅','今日客户来院就诊，医生为其测血压106/77 腹围72','','',1,'产科',1,'[{\"next_visit_date\":\"2015-12-15\",\"next_visit_time\":\"07:00\",\"next_order_success\":1,\"next_visit_doctor_name\":\"胡雅毅\",\"next_visit_type\":\"[\\\"复诊\\\"]\",\"next_visit_address\":\"\",\"next_visit_remarks\":\"下午21号\"},{\"next_visit_date\":\"2016-02-03\",\"next_visit_time\":\"07:00\",\"next_order_success\":1,\"next_visit_doctor_name\":\"\",\"next_visit_type\":\"[\\\"胎儿心脏彩超\\\",\\\"胎儿系统彩超\\\"]\",\"next_visit_address\":\"\",\"next_visit_remarks\":\"\"}]'),(40,2,9,'2015-12-07 08:15:59','2015-12-07 12:52:01','陈淘','2015-12-02 00:00:00','09:00','[\"复诊\"]',1,'张力','孕周37+1，体重51.5KG,血压101/67，腹围93CM ,宫高33CM。','','',1,'产科',1,'[{\"next_visit_date\":\"2015-12-09\",\"next_visit_time\":\"09:00\",\"next_order_success\":0,\"next_visit_doctor_name\":\"张力\",\"next_visit_type\":\"[\\\"腹部彩超\\\"]\",\"next_visit_address\":\"\",\"next_visit_remarks\":\"加号\"}]'),(41,17,6,'2015-12-07 08:20:45','2015-12-07 12:51:05','陈淘','2015-11-05 00:00:00','09:00','[\"建卡全套\"]',1,'唐林','身高162cm   孕前体重60kG   建卡体重60kG','建卡全套','',1,'产科',1,'[{\"next_visit_date\":\"2015-12-22\",\"next_visit_time\":\"15:00\",\"next_order_success\":1,\"next_visit_doctor_name\":\"张力\",\"next_visit_type\":\"[\\\"复诊\\\"]\",\"next_visit_address\":\"二诊室\",\"next_visit_remarks\":\"下午16号\"}]'),(42,17,6,'2015-12-07 12:51:05','2015-12-07 12:51:06','','2015-12-22 23:59:59','15:00','[\"复诊\"]',1,'张力','','','下午16号',0,'二诊室',0,''),(43,2,6,'2015-12-07 12:52:01','2015-12-07 12:52:02','','2015-12-09 23:59:59','09:00','[\"腹部彩超\"]',0,'张力','','','加号',0,'',0,''),(44,16,6,'2015-12-07 12:52:37','2015-12-07 12:52:38','','2015-12-15 23:59:59','07:00','[\"复诊\"]',1,'胡雅毅','','','下午21号',0,'',0,''),(45,16,6,'2015-12-07 12:52:37','2015-12-07 12:52:39','','2016-02-03 23:59:59','07:00','[\"胎儿心脏彩超\",\"胎儿系统彩超\"]',1,'','','','',0,'',0,''),(46,11,6,'2015-12-07 12:53:24','2015-12-07 12:53:25','','2015-12-22 23:59:59','14:30','[\"75G糖\",\"胎儿心脏彩超\",\"胎儿系统彩超\"]',1,'','','','',0,'',0,''),(47,11,6,'2015-12-07 12:53:24','2015-12-07 12:53:26','','2016-01-07 23:59:59','07:00','[\"复诊\"]',1,'姚强','','','下午就诊号16号',0,'',0,''),(48,18,6,'2015-12-08 04:32:14','2015-12-08 14:02:47','陈淘','2015-09-30 00:00:00','08:30','[\"建卡全套\"]',1,'游泳','孕周12+4 体重60 血压124/89 腹围87 宫高6','羊水穿刺，四周复诊  爱乐维一天一片','NT彩超',1,'产科',1,'[]'),(49,18,6,'2015-12-08 04:35:31','2015-12-08 14:02:35','邱容','2015-10-19 00:00:00','08:30','[\"复诊\"]',1,'游泳','孕周15+2 体重62.5 血压143/103 腹围88 宫高13','6周复诊+异常随时急诊','',1,'产科',1,'[]'),(50,18,6,'2015-12-08 04:37:38','2015-12-08 04:41:36','陈淘','2015-11-30 00:00:00','09:00','[\"复诊\"]',1,'游泳','孕周21+2 血压145/99 腹围95 宫高23 ','5周复诊','',1,'产科',1,'[{\"next_visit_date\":\"2015-12-30\",\"next_visit_time\":\"07:00\",\"next_order_success\":1,\"next_visit_doctor_name\":\"\",\"next_visit_type\":\"[\\\"75G糖\\\"]\",\"next_visit_address\":\"抽血窗口\",\"next_visit_remarks\":\"\"},{\"next_visit_date\":\"2016-01-04\",\"next_visit_time\":\"07:00\",\"next_order_success\":1,\"next_visit_doctor_name\":\"游泳\",\"next_visit_type\":\"[\\\"复诊\\\"]\",\"next_visit_address\":\"二楼\",\"next_visit_remarks\":\"上午22号\"}]'),(51,18,6,'2015-12-08 04:41:36','2015-12-08 04:41:37','','2015-12-30 23:59:59','07:00','[\"75G糖\"]',1,'','','','',0,'抽血窗口',0,''),(52,18,6,'2015-12-08 04:41:36','2015-12-08 04:41:38','','2016-01-04 23:59:59','07:00','[\"复诊\"]',1,'游泳','','','上午22号',0,'二楼',0,''),(53,19,6,'2015-12-08 04:49:26','2015-12-08 14:02:28','邱容','2015-08-26 00:00:00','14:00','[\"就诊\"]',1,'周蓉','体重50 孕周16（核实）腹围70 宫高14 血压105/68','预约胎儿心脏系统彩超 四周复诊','',1,'产科',1,'[]'),(54,19,6,'2015-12-08 04:51:12','2015-12-08 14:02:24','陈淘','2015-09-23 00:00:00','14:30','[\"复诊\"]',1,'周容','孕周20体重49 血压103/68  腹围73宫高13','预约75克糖','',1,'产科',1,'[]'),(55,10,9,'2015-12-08 04:51:30','2015-12-08 04:54:11','邱容','2015-09-08 00:00:00','07:00','[\"建卡全套\"]',1,'蔡林芮','','','',0,'产科',1,'[]'),(56,19,6,'2015-12-08 04:53:07','2015-12-08 14:02:18','李瑞雪','2015-10-21 00:00:00','14:30','[\"复诊\"]',1,'周容','孕周24 体重54.5 血压93/61腹围81 宫高21','','',1,'产科',1,'[]'),(57,10,9,'2015-12-08 04:53:20','2015-12-08 14:01:46','陈淘','2015-09-28 00:00:00','07:00','[\"复诊\"]',1,'游泳','孕周15+5,体重55KG,血压105/70，腹围81CM，宫高14CM。','','',1,'产科',1,'[{\"next_visit_date\":\"2015-11-09\",\"next_visit_time\":\"07:00\",\"next_order_success\":1,\"next_visit_doctor_name\":\"游泳\",\"next_visit_type\":\"[\\\"小便常规\\\"]\",\"next_visit_address\":\"\",\"next_visit_remarks\":\"\"},{\"next_visit_date\":\"2015-11-30\",\"next_visit_time\":\"07:00\",\"next_order_success\":1,\"next_visit_doctor_name\":\"\",\"next_visit_type\":\"[\\\"胎儿心脏彩超\\\",\\\"胎儿系统彩超\\\"]\",\"next_visit_address\":\"\",\"next_visit_remarks\":\"\"}]'),(58,19,6,'2015-12-08 04:54:44','2015-12-08 14:01:39','李瑞雪','2015-11-18 00:00:00','14:30','[\"复诊\"]',1,'周容','孕周28 体重59.5 血压105/64 腹围86 宫高26 ','二周复诊','',1,'产科',1,'[{\"next_visit_date\":\"2015-12-16\",\"next_visit_time\":\"07:00\",\"next_order_success\":0,\"next_visit_doctor_name\":\"周容\",\"next_visit_type\":\"[\\\"复诊\\\"]\",\"next_visit_address\":\"\",\"next_visit_remarks\":\"\"}]'),(59,19,6,'2015-12-08 04:56:15','2015-12-08 05:03:57','余澜悦','2015-12-02 00:00:00','15:30','[\"复诊\"]',1,'周容','孕周30 体重61.5 血压118/66 腹围90 宫高28','','',1,'产科',1,'[{\"next_visit_date\":\"2015-12-16\",\"next_visit_time\":\"07:00\",\"next_order_success\":1,\"next_visit_doctor_name\":\"\",\"next_visit_type\":\"[\\\"肝功\\\"]\",\"next_visit_address\":\"\",\"next_visit_remarks\":\"\"}]'),(60,19,6,'2015-12-08 05:03:57','2015-12-08 05:03:58','','2015-12-16 23:59:59','07:00','[\"肝功\"]',1,'','','','',0,'',0,''),(61,10,9,'2015-12-08 05:04:26','2015-12-08 14:01:35','陈淘','2015-11-09 00:00:00','07:00','[\"复诊\"]',1,'游泳','孕周21+5，体重57.5KG,血压123/79，腹围83CM，宫高20CM。','','',1,'产科',1,'[{\"next_visit_date\":\"2015-12-11\",\"next_visit_time\":\"07:00\",\"next_order_success\":1,\"next_visit_doctor_name\":\"\",\"next_visit_type\":\"[\\\"75G糖\\\"]\",\"next_visit_address\":\"\",\"next_visit_remarks\":\"\"}]'),(62,20,6,'2015-12-08 05:12:54','2015-12-08 14:01:30','邱容','2015-08-27 00:00:00','14:00','[\"就诊\"]',1,'胡雅毅','孕周13+2 体重58 腹围82 宫高10','','',1,'产科',1,'[{\"next_visit_date\":\"2015-09-24\",\"next_visit_time\":\"07:00\",\"next_order_success\":1,\"next_visit_doctor_name\":\"胡雅毅\",\"next_visit_type\":\"[\\\"复诊\\\"]\",\"next_visit_address\":\"\",\"next_visit_remarks\":\"\"}]'),(63,10,9,'2015-12-08 05:13:22','2015-12-08 05:13:22','','2015-12-14 23:59:59','07:00','[\"复诊\"]',1,'游泳','','','上午26号',0,'产科',0,''),(64,20,6,'2015-12-08 05:15:52','2015-12-08 14:01:26','邱容','2015-09-24 00:00:00','14:30','[\"复诊\"]',1,'胡雅毅','孕周17+2 体重61 血压84/63 腹围82 宫高15','补铁补钙','',1,'产科',1,'[]'),(65,20,6,'2015-12-08 05:17:16','2015-12-08 14:01:20','陈淘','2015-10-29 00:00:00','14:30','[\"复诊\"]',1,'胡雅毅','孕周22+2 体重63.5 腹围90 宫高20','','',1,'产科',1,'[]'),(66,20,6,'2015-12-08 05:18:19','2015-12-08 05:20:32','李瑞雪','2015-12-01 00:00:00','14:30','[\"复诊\"]',1,'胡雅毅','孕周27 体重69 腹围95 宫高25 血压100/70','营养门诊听课 复查甲功','',1,'产科',1,'[{\"next_visit_date\":\"2015-12-22\",\"next_visit_time\":\"07:00\",\"next_order_success\":1,\"next_visit_doctor_name\":\"胡雅毅\",\"next_visit_type\":\"[\\\"复诊\\\"]\",\"next_visit_address\":\"\",\"next_visit_remarks\":\"下午40号\"}]'),(67,8,9,'2015-12-08 05:19:31','2015-12-08 14:01:14','邱容','2015-08-04 00:00:00','09:00','[\"建卡全套\"]',1,'王晓东','NT估计孕周约12周+3天，预产期2016年2月14日。','','',1,'产科',1,'[{\"next_visit_date\":\"2015-09-08\",\"next_visit_time\":\"07:00\",\"next_order_success\":1,\"next_visit_doctor_name\":\"王晓东\",\"next_visit_type\":\"[\\\"复诊\\\"]\",\"next_visit_address\":\"二楼产科\",\"next_visit_remarks\":\"\"}]'),(68,20,6,'2015-12-08 05:20:32','2015-12-08 05:20:33','','2015-12-22 23:59:59','07:00','[\"复诊\"]',1,'胡雅毅','','','下午40号',0,'',0,''),(69,8,9,'2015-12-08 05:20:36','2015-12-08 14:01:06','邱容','2015-09-08 00:00:00','09:00','[\"复诊\"]',1,'王晓东','孕周17+6，体重47KG,血压104/74，腹围72CM,宫高15CM。','','',1,'产科',1,'[{\"next_visit_date\":\"2015-10-08\",\"next_visit_time\":\"07:00\",\"next_order_success\":1,\"next_visit_doctor_name\":\"王晓东\",\"next_visit_type\":\"[\\\"复诊\\\"]\",\"next_visit_address\":\"\",\"next_visit_remarks\":\"\"},{\"next_visit_date\":\"2015-10-08\",\"next_visit_time\":\"07:00\",\"next_order_success\":1,\"next_visit_doctor_name\":\"王晓东\",\"next_visit_type\":\"[\\\"复诊\\\"]\",\"next_visit_address\":\"二楼产科\",\"next_visit_remarks\":\"\"},{\"next_visit_date\":\"2015-11-05\",\"next_visit_time\":\"07:00\",\"next_order_success\":1,\"next_visit_doctor_name\":\"王晓东\",\"next_visit_type\":\"[\\\"复诊\\\"]\",\"next_visit_address\":\"产科\",\"next_visit_remarks\":\"\"}]'),(70,8,9,'2015-12-08 05:21:27','2015-12-08 05:53:08','余澜悦','2015-11-05 00:00:00','09:00','[\"复诊\"]',1,'王晓东','孕周25+4，体重55CM,血压111/75，腹围81CM,宫高21CM 。','','',1,'产科',1,'[{\"next_visit_date\":\"2015-12-10\",\"next_visit_time\":\"09:00\",\"next_order_success\":1,\"next_visit_doctor_name\":\"王晓东\",\"next_visit_type\":\"[\\\"复诊\\\"]\",\"next_visit_address\":\"产科\",\"next_visit_remarks\":\"上午17号\"}]'),(72,21,6,'2015-12-08 05:28:06','2015-12-08 14:01:01','邱容','2015-10-27 00:00:00','14:00','[\"就诊\"]',1,'姚强','孕周16   体重46 腹围68 血压109/61 宫高11 ','','',1,'产科',1,'[]'),(73,21,6,'2015-12-08 05:46:17','2015-12-08 05:49:17','邱容','2015-11-26 00:00:00','14:30','[\"复诊\"]',1,'姚强','孕周20+2 腹围72 宫高14 血压90/56 ','','',1,'产科',1,'[{\"next_visit_date\":\"2015-12-31\",\"next_visit_time\":\"14:30\",\"next_order_success\":1,\"next_visit_doctor_name\":\"姚强\",\"next_visit_type\":\"[\\\"复诊\\\"]\",\"next_visit_address\":\"\",\"next_visit_remarks\":\"下午42号 小便常规\"}]'),(74,21,6,'2015-12-08 05:49:17','2015-12-08 05:49:18','','2015-12-31 23:59:59','14:30','[\"复诊\"]',1,'姚强','','','下午42号 小便常规',0,'',0,''),(75,8,6,'2015-12-08 05:53:08','2015-12-08 05:53:09','','2015-12-10 23:59:59','09:00','[\"复诊\"]',1,'王晓东','','','上午17号',0,'产科',0,''),(77,7,9,'2015-12-08 05:58:51','2015-12-08 06:00:18','陈淘','2015-10-15 00:00:00','09:00','[\"建卡全套\"]',1,'陈洪琴','','','',0,'产科',1,'[]'),(78,7,9,'2015-12-08 06:02:00','2015-12-08 06:03:51','陈淘','2015-11-04 00:00:00','09:00','[\"唐氏筛查(中)\"]',0,'','','','',0,'',1,'[]'),(79,7,9,'2015-12-08 06:03:11','2015-12-08 06:09:27','余澜悦','2015-11-19 00:00:00','09:00','[\"就诊\"]',1,'姚强','孕周18+5，体重59.5KG,血压112/71，宫高13CM,腹围84CM.','','',1,'产科',1,'[{\"next_visit_date\":\"2015-12-17\",\"next_visit_time\":\"07:00\",\"next_order_success\":0,\"next_visit_doctor_name\":\"姚强\",\"next_visit_type\":\"[\\\"复诊\\\"]\",\"next_visit_address\":\"产科\",\"next_visit_remarks\":\"加号\"}]'),(80,22,6,'2015-12-08 06:07:52','2015-12-08 14:00:34','邱容','2015-06-29 00:00:00','09:00','[\"建卡全套\"]',1,'游泳','孕周13+2 体重59.5 血压106/68 腹围88 宫高10','预约胎儿心脏系统彩超 中期唐筛','',1,'产科',1,'[]'),(82,7,9,'2015-12-08 06:10:15','2015-12-08 06:13:11','','2015-12-17 23:59:59','14:30','[\"复诊\"]',0,'姚强','','','加号',0,'',0,''),(83,22,6,'2015-12-08 06:12:23','2015-12-08 14:00:30','邱容','2015-07-23 00:00:00','09:30','[\"复诊\"]',1,'游泳','孕周16+5 体重61.5 血压106/77 腹围86 宫高15','','',1,'',1,'[]'),(84,22,6,'2015-12-08 06:13:29','2015-12-08 14:00:25','邱容','2015-08-10 00:00:00','09:30','[\"复诊\"]',1,'游泳','孕周19+2 体重62 腹围88 宫高16 血压107/75 ','客户要求无创不做羊穿客户已在建卡本上签字','',1,'产科',1,'[]'),(85,22,6,'2015-12-08 06:15:17','2015-12-08 14:00:18','邱容','2015-09-08 00:00:00','09:30','[\"复诊\"]',1,'游泳','孕周23+3 体重66 血压102/69 腹围95 宫高21','','',1,'产科',1,'[]'),(86,22,6,'2015-12-08 06:16:19','2015-12-08 14:00:12','邱容','2015-09-21 00:00:00','09:30','[\"复诊\"]',1,'游泳','孕周25+2 体重65 血压95/69 腹围97 宫高22','预约彩超','',1,'产科',1,'[]'),(87,22,6,'2015-12-08 06:17:37','2015-12-08 14:00:04','邱容','2015-10-26 00:00:00','09:30','[\"复诊\"]',1,'游泳','孕周30+2 体重69 腹围102 宫高28 血压119/78 ','3周复诊','',1,'产科',1,'[]'),(88,22,6,'2015-12-08 06:18:56','2015-12-08 13:59:57','邱容','2015-11-16 00:00:00','09:30','[\"复诊\"]',1,'游泳','孕周33+2 体重70 血压110/84 腹围103 宫高30 ','3周复诊','',1,'产科',1,'[]'),(89,22,6,'2015-12-08 06:20:08','2015-12-08 06:22:13','邱容','2015-12-07 00:00:00','09:30','[\"复诊\"]',1,'游泳','孕周36+2 腹围106 宫高32 体重70 血压106/77','一周复诊做胎监','',1,'产科',1,'[{\"next_visit_date\":\"2015-12-14\",\"next_visit_time\":\"07:00\",\"next_order_success\":0,\"next_visit_doctor_name\":\"游泳\",\"next_visit_type\":\"[\\\"复诊\\\"]\",\"next_visit_address\":\"\",\"next_visit_remarks\":\"胎监脐血流 加号\"}]'),(90,22,6,'2015-12-08 06:22:13','2015-12-08 06:22:14','','2015-12-14 23:59:59','07:00','[\"复诊\"]',0,'游泳','','','胎监脐血流 加号',0,'',0,''),(91,24,6,'2015-12-08 06:36:22','2015-12-08 06:37:01','陈淘','2015-10-27 00:00:00','09:30','[\"就诊\"]',1,'张力','孕周9+5 腹围79 血压104/69 体重50.5','','',0,'产科',1,'[]'),(92,24,6,'2015-12-08 06:37:35','2015-12-08 06:37:35','','2015-11-17 23:59:59','09:30','[\"就诊\"]',1,'张力','','','',0,'产科',0,''),(93,24,6,'2015-12-08 06:45:20','2015-12-08 13:59:53','陈淘','2015-10-27 00:00:00','09:00','[\"就诊\"]',1,'张力','孕周9+5 体重50.5 腹围79 血压104/69','','',1,'产科',1,'[]'),(94,24,6,'2015-12-08 06:46:17','2015-12-08 06:49:53','陈淘','2015-11-17 00:00:00','14:00','[\"就诊\"]',1,'张力','孕周12+5 体重54 血压97/66 看报告','','',1,'产科',1,'[{\"next_visit_date\":\"2015-12-29\",\"next_visit_time\":\"14:30\",\"next_order_success\":1,\"next_visit_doctor_name\":\"张力\",\"next_visit_type\":\"[\\\"复诊\\\"]\",\"next_visit_address\":\"\",\"next_visit_remarks\":\"\"},{\"next_visit_date\":\"2015-12-11\",\"next_visit_time\":\"10:00\",\"next_order_success\":1,\"next_visit_doctor_name\":\"\",\"next_visit_type\":\"[\\\"唐氏筛查(中)\\\"]\",\"next_visit_address\":\"\",\"next_visit_remarks\":\"\"}]'),(95,24,6,'2015-12-08 06:49:53','2015-12-08 06:49:54','','2015-12-29 23:59:59','14:30','[\"复诊\"]',1,'张力','','','',0,'',0,''),(96,24,6,'2015-12-08 06:49:53','2015-12-08 06:49:55','','2015-12-11 23:59:59','10:00','[\"唐氏筛查(中)\"]',1,'','','','',0,'',0,''),(97,25,6,'2015-12-08 06:54:17','2015-12-08 13:59:49','陈淘','2015-10-27 00:00:00','09:00','[\"建卡全套\"]',1,'姚强','孕周11+6 腹围67 血压123/85','','',1,'产科',1,'[]'),(98,25,6,'2015-12-08 06:55:31','2015-12-08 07:05:09','陈淘','2015-11-26 00:00:00','14:30','[\"复诊\"]',1,'姚强','孕周16+1 体重55 血压109/68 宫高10 腹围79 ','唐筛 ','客户要求做羊穿',1,'产科',1,'[{\"next_visit_date\":\"2015-12-14\",\"next_visit_time\":\"09:00\",\"next_order_success\":1,\"next_visit_doctor_name\":\"\",\"next_visit_type\":\"[\\\"血常规\\\"]\",\"next_visit_address\":\"\",\"next_visit_remarks\":\"\"},{\"next_visit_date\":\"2015-12-15\",\"next_visit_time\":\"08:30\",\"next_order_success\":1,\"next_visit_doctor_name\":\"\",\"next_visit_type\":\"[\\\"羊水穿刺\\\"]\",\"next_visit_address\":\"\",\"next_visit_remarks\":\"\"},{\"next_visit_date\":\"2015-12-24\",\"next_visit_time\":\"16:00\",\"next_order_success\":0,\"next_visit_doctor_name\":\"姚强\",\"next_visit_type\":\"[\\\"复诊\\\"]\",\"next_visit_address\":\"\",\"next_visit_remarks\":\"\"}]'),(99,25,6,'2015-12-08 07:05:09','2015-12-08 07:05:10','','2015-12-14 23:59:59','09:00','[\"血常规\"]',1,'','','','',0,'',0,''),(100,25,6,'2015-12-08 07:05:09','2015-12-08 07:05:11','','2015-12-15 23:59:59','08:30','[\"羊水穿刺\"]',1,'','','','',0,'',0,''),(101,25,6,'2015-12-08 07:05:09','2015-12-08 07:05:12','','2015-12-24 23:59:59','16:00','[\"复诊\"]',0,'姚强','','','',0,'',0,''),(102,26,6,'2015-12-08 07:22:46','2015-12-08 13:59:44','陈淘','2015-08-19 00:00:00','09:00','[\"建卡全套\"]',1,'游泳','孕周11+4 体重50 腹围74 宫高7','预约羊水穿刺，建卡全套NT彩超','',1,'产科',1,'[]'),(103,26,6,'2015-12-08 07:24:27','2015-12-08 13:59:39','陈淘','2015-09-30 00:00:00','09:00','[\"复诊\"]',1,'游泳','孕周17+4 体重62.5 血压117/84 腹围81 宫高17','6周复诊','',1,'产科',1,'[]'),(104,26,6,'2015-12-08 07:25:52','2015-12-08 07:49:30','陈淘','2015-11-11 00:00:00','09:00','[\"复诊\"]',1,'游泳','孕周23+4 体重57 血压120/88 腹围87 宫高20','','',1,'产科',1,'[{\"next_visit_date\":\"2015-12-09\",\"next_visit_time\":\"07:00\",\"next_order_success\":1,\"next_visit_doctor_name\":\"游泳\",\"next_visit_type\":\"[\\\"复诊\\\"]\",\"next_visit_address\":\"\",\"next_visit_remarks\":\"\"}]'),(105,26,6,'2015-12-08 07:49:30','2015-12-08 07:49:31','','2015-12-09 23:59:59','07:00','[\"复诊\"]',1,'游泳','','','',0,'',0,''),(106,27,6,'2015-12-08 08:01:23','2015-12-08 13:57:16','邱容','2015-07-29 00:00:00','14:00','[\"就诊\"]',1,'周容','孕周15+3 体重49 血压122/86 宫高11 腹围76','预约胎儿心脏系统','',1,'产科',1,'[]'),(107,27,6,'2015-12-08 08:03:05','2015-12-08 13:57:12','邱容','2015-08-26 00:00:00','14:00','[\"就诊\"]',1,'周容','孕周19+3 核实（18+3） 体重51.5 血压120/75 腹围79 宫高16','四周复诊','',1,'产科',1,'[]'),(108,27,6,'2015-12-08 08:04:52','2015-12-08 13:57:08','陈淘','2015-09-23 00:00:00','15:30','[\"复诊\"]',1,'周容','孕周22+3 体重55 血压107/75 腹围85 宫高19 ','四周复诊','',1,'产科',1,'[]'),(109,27,6,'2015-12-08 08:06:26','2015-12-08 13:56:59','陈淘','2015-10-21 00:00:00','09:00','[\"复诊\"]',1,'周容','孕周26+3 体重58 血压106/65  腹围87 宫高23','二周复诊','',1,'产科',1,'[]'),(110,27,6,'2015-12-08 08:07:54','2015-12-08 13:56:50','陈淘','2015-11-04 00:00:00','15:30','[\"复诊\"]',1,'周容','孕周28+3 体重61 血压125/65 腹围83 宫高26','','',1,'产科',1,'[]'),(111,27,6,'2015-12-08 08:11:27','2015-12-08 13:56:44','吕环宇','2015-11-19 00:00:00','15:30','[\"复诊\"]',1,'周容','孕周30+4 体重62 血压118/73 腹围91 宫高26','','',1,'产科',1,'[]'),(112,27,6,'2015-12-08 08:12:44','2015-12-08 08:15:24','邱容','2015-12-03 00:00:00','09:00','[\"复诊\"]',1,'周容','孕周32+4 体重62 血压125/81 腹围94 宫高29 ','','',1,'产科',1,'[{\"next_visit_date\":\"2015-12-09\",\"next_visit_time\":\"16:00\",\"next_order_success\":0,\"next_visit_doctor_name\":\"周容\",\"next_visit_type\":\"[\\\"复诊\\\"]\",\"next_visit_address\":\"\",\"next_visit_remarks\":\"胎监脐血流\"}]'),(113,27,6,'2015-12-08 08:15:24','2015-12-08 13:52:03','','2015-12-09 23:59:59','16:00','[\"复诊\",\"胎监\",\"脐血流\"]',0,'周容','','','',0,'',0,''),(114,28,6,'2015-12-08 08:21:00','2015-12-08 13:56:39','陈淘','2015-09-10 00:00:00','09:00','[\"就诊\"]',1,'游泳','孕周12+3 血压123/74 腹围87 宫高7 体重65','建卡全套 预约胎儿心脏系统彩超','',1,'产科',1,'[]'),(115,28,6,'2015-12-08 08:23:02','2015-12-08 13:56:26','邱容','2015-09-16 00:00:00','10:00','[\"复诊\"]',1,'游泳','孕周13+1  体重66 血压108/65 腹围86 宫高11','','',1,'产科',1,'[]'),(116,28,6,'2015-12-08 08:25:12','2015-12-08 08:26:50','陈淘','2015-10-28 00:00:00','10:00','[\"复诊\"]',1,'游泳','孕周19+1 体重69 血压122/72 腹围92 宫高17','6周复查','',1,'产科',1,'[{\"next_visit_date\":\"2015-12-09\",\"next_visit_time\":\"09:00\",\"next_order_success\":1,\"next_visit_doctor_name\":\"游泳\",\"next_visit_type\":\"[\\\"复诊\\\"]\",\"next_visit_address\":\"\",\"next_visit_remarks\":\"\"}]'),(117,28,6,'2015-12-08 08:26:50','2015-12-08 08:26:51','','2015-12-09 23:59:59','09:00','[\"复诊\"]',1,'游泳','','','',0,'',0,''),(118,29,6,'2015-12-08 08:32:13','2015-12-08 13:56:20','陈淘','2015-09-14 00:00:00','09:30','[\"就诊\"]',1,'游泳','孕周12+5 体重49 腹围72 宫高13 血压113/69','','',1,'产科',1,'[]'),(119,29,6,'2015-12-08 08:33:51','2015-12-08 08:35:48','陈淘','2015-10-28 00:00:00','09:30','[\"复诊\"]',1,'游泳','孕周19  体重55.5 血压110/67 腹围81 宫高17','','',1,'产科',1,'[{\"next_visit_date\":\"2015-12-09\",\"next_visit_time\":\"09:00\",\"next_order_success\":1,\"next_visit_doctor_name\":\"游泳\",\"next_visit_type\":\"[\\\"复诊\\\"]\",\"next_visit_address\":\"\",\"next_visit_remarks\":\"\"}]'),(120,29,6,'2015-12-08 08:35:48','2015-12-08 08:35:49','','2015-12-09 23:59:59','09:00','[\"复诊\"]',1,'游泳','','','',0,'',0,''),(121,30,6,'2015-12-08 08:40:39','2015-12-08 13:56:03','陈淘','2015-07-09 00:00:00','09:00','[\"就诊\"]',1,'彭冰','孕周13+6 血压120/81 腹围107 宫高14','','',1,'产科',1,'[]'),(122,30,6,'2015-12-08 08:41:47','2015-12-08 13:55:59','陈淘','2015-07-28 00:00:00','09:00','[\"复诊\"]',1,'彭冰','孕周17+4 体重76 血压139/89 腹围104 宫高16','','',1,'产科',1,'[]'),(123,30,6,'2015-12-08 08:42:47','2015-12-08 13:55:54','陈淘','2015-09-01 00:00:00','09:00','[\"复诊\"]',1,'彭冰','孕周22+4 体重76 血压120/78 腹围106 宫高22','','',1,'产科',1,'[]'),(124,30,6,'2015-12-08 08:44:02','2015-12-08 13:55:34','陈淘','2015-10-13 00:00:00','15:00','[\"复诊\"]',1,'彭冰','孕周22+4 体重76 血压120/78 腹围106 宫高22','5周复诊','',1,'产科',1,'[]'),(125,30,6,'2015-12-08 08:44:58','2015-12-08 13:55:29','陈淘','2015-10-13 00:00:00','15:00','[\"复诊\"]',1,'彭冰','孕周28+4 体76.5 血压121/73 腹围107 宫高25','','',1,'产科',1,'[]'),(126,30,6,'2015-12-08 08:46:21','2015-12-08 13:55:17','吕环宇','2015-11-03 00:00:00','15:00','[\"复诊\"]',1,'彭冰','孕周31+4 体重78.5 血压119/82 腹围112 宫高31 ','3周复诊','',1,'产科',1,'[]'),(127,30,6,'2015-12-08 08:47:31','2015-12-08 08:49:53','李瑞雪','2015-11-26 00:00:00','15:00','[\"复诊\"]',1,'彭冰','孕周34+6 体重79 血压112/69 腹围112 宫高34','','',1,'产科',1,'[{\"next_visit_date\":\"2015-12-09\",\"next_visit_time\":\"07:00\",\"next_order_success\":1,\"next_visit_doctor_name\":\"\",\"next_visit_type\":\"[\\\"胎儿系统彩超\\\"]\",\"next_visit_address\":\"\",\"next_visit_remarks\":\"\"},{\"next_visit_date\":\"2015-12-10\",\"next_visit_time\":\"07:00\",\"next_order_success\":0,\"next_visit_doctor_name\":\"彭冰\",\"next_visit_type\":\"[\\\"复诊\\\"]\",\"next_visit_address\":\"\",\"next_visit_remarks\":\"胎监脐血流\"}]'),(128,30,6,'2015-12-08 08:49:53','2015-12-08 08:49:54','','2015-12-09 23:59:59','07:00','[\"胎儿系统彩超\"]',1,'','','','',0,'',0,''),(129,30,6,'2015-12-08 08:49:53','2015-12-08 08:49:55','','2015-12-10 23:59:59','07:00','[\"复诊\"]',0,'彭冰','','','胎监脐血流',0,'',0,''),(130,31,6,'2015-12-08 08:57:14','2015-12-08 13:54:45','李瑞雪','2015-06-15 00:00:00','09:00','[\"就诊\"]',1,'游泳','孕周12+4 血压112/72 腹围68 宫高7 体重48','','',1,'产科',1,'[]'),(131,31,6,'2015-12-08 08:58:47','2015-12-08 13:53:08','邱容','2015-07-22 00:00:00','09:00','[\"复诊\"]',1,'游泳','孕周17+6 体重50 血压116/67 腹围80 宫高18','','',1,'产科',1,'[]'),(132,31,6,'2015-12-08 08:59:49','2015-12-08 13:53:03','邱容','2015-09-02 00:00:00','09:00','[\"就诊\"]',1,'游泳','孕周23+6 体重54.5 血压97/59 腹围89 宫高24','','',1,'产科',1,'[]'),(133,31,6,'2015-12-08 09:00:52','2015-12-08 13:52:57','李瑞雪','2015-09-30 00:00:00','09:00','[\"复诊\"]',1,'游泳','孕周27+6 体重57 血压106/70 腹围91 宫高28','四周复诊','',1,'产科',1,'[]'),(134,31,6,'2015-12-08 09:02:00','2015-12-08 13:52:46','陈淘','2015-10-28 00:00:00','09:00','[\"复诊\"]',1,'游泳','孕周31+6 体重58.5 血压110/68 腹围96 宫高29','3周复诊','',1,'产科',1,'[]'),(135,31,6,'2015-12-08 09:03:05','2015-12-08 13:52:34','李瑞雪','2015-11-18 00:00:00','09:00','[\"复诊\"]',1,'游泳','孕周34+6 体重61 血压115/72 腹围99 宫高35 ','2周复诊','',1,'产科',1,'[]'),(136,31,6,'2015-12-08 09:04:07','2015-12-08 09:05:44','李瑞雪','2015-12-02 00:00:00','11:00','[\"复诊\"]',1,'游泳','孕周36+6 体重62 血压103/69 腹围101 宫高35','1周复诊','',1,'产科',1,'[{\"next_visit_date\":\"2015-12-09\",\"next_visit_time\":\"10:00\",\"next_order_success\":0,\"next_visit_doctor_name\":\"游泳\",\"next_visit_type\":\"[\\\"复诊\\\"]\",\"next_visit_address\":\"\",\"next_visit_remarks\":\"\"}]'),(137,31,6,'2015-12-08 09:05:44','2015-12-08 09:05:45','','2015-12-09 23:59:59','10:00','[\"复诊\"]',0,'游泳','','','',0,'',0,''),(138,32,6,'2015-12-08 09:11:33','2015-12-08 13:52:29','邱容','2015-11-05 00:00:00','09:00','[\"就诊\"]',1,'唐琳','孕周12+5 宫高6 腹围72 血压107/75 体重52','定期产检','',1,'产科',1,'[]'),(139,32,6,'2015-12-08 09:13:21','2015-12-08 09:16:26','李瑞雪','2015-11-25 00:00:00','09:00','[\"复诊\"]',1,'张力','孕周14+4 体重53.5 血压108/77 腹围76 宫高11','','',1,'产科',1,'[{\"next_visit_date\":\"2015-12-09\",\"next_visit_time\":\"07:00\",\"next_order_success\":0,\"next_visit_doctor_name\":\"\",\"next_visit_type\":\"[\\\"甲功\\\"]\",\"next_visit_address\":\"\",\"next_visit_remarks\":\"\"},{\"next_visit_date\":\"2016-02-04\",\"next_visit_time\":\"09:00\",\"next_order_success\":1,\"next_visit_doctor_name\":\"\",\"next_visit_type\":\"[\\\"胎儿心脏彩超\\\",\\\"胎儿系统彩超\\\"]\",\"next_visit_address\":\"\",\"next_visit_remarks\":\"\"},{\"next_visit_date\":\"2015-12-23\",\"next_visit_time\":\"09:00\",\"next_order_success\":1,\"next_visit_doctor_name\":\"张力\",\"next_visit_type\":\"[\\\"复诊\\\"]\",\"next_visit_address\":\"\",\"next_visit_remarks\":\"\"}]'),(140,32,6,'2015-12-08 09:16:26','2015-12-08 09:16:27','','2015-12-09 23:59:59','07:00','[\"甲功\"]',0,'','','','',0,'',0,''),(141,32,6,'2015-12-08 09:16:26','2015-12-08 09:16:28','','2016-02-04 23:59:59','09:00','[\"胎儿心脏彩超\",\"胎儿系统彩超\"]',1,'','','','',0,'',0,''),(142,32,6,'2015-12-08 09:16:27','2015-12-08 09:16:30','','2015-12-23 23:59:59','09:00','[\"复诊\"]',1,'张力','','','',0,'',0,''),(143,33,6,'2015-12-08 09:24:03','2015-12-08 13:52:24','李瑞雪','2015-10-13 00:00:00','09:00','[\"就诊\"]',1,'姚强','孕周11+5 体重47 血压117/80 腹围69 宫高7','','',1,'产科',1,'[]'),(144,33,6,'2015-12-08 09:25:16','2015-12-08 13:52:18','李瑞雪','2015-10-21 00:00:00','14:30','[\"复诊\"]',1,'姚强','孕周12+6 体重46.5 血压113/76','看报告','',1,'产科',1,'[]'),(145,33,6,'2015-12-08 09:26:03','2015-12-08 09:27:57','李瑞雪','2015-11-24 00:00:00','14:30','[\"复诊\"]',1,'姚强','孕周17+5 体重49 血压111/74 宫高13 腹围72 ','','',1,'产科',1,'[{\"next_visit_date\":\"2015-12-31\",\"next_visit_time\":\"09:00\",\"next_order_success\":1,\"next_visit_doctor_name\":\"\",\"next_visit_type\":\"[\\\"胎儿心脏彩超\\\",\\\"胎儿系统彩超\\\"]\",\"next_visit_address\":\"\",\"next_visit_remarks\":\"\"},{\"next_visit_date\":\"2016-01-05\",\"next_visit_time\":\"14:30\",\"next_order_success\":1,\"next_visit_doctor_name\":\"张力\",\"next_visit_type\":\"[\\\"复诊\\\"]\",\"next_visit_address\":\"\",\"next_visit_remarks\":\"下午17号\"}]'),(146,33,6,'2015-12-08 09:27:57','2015-12-08 09:27:58','','2015-12-31 23:59:59','09:00','[\"胎儿心脏彩超\",\"胎儿系统彩超\"]',1,'','','','',0,'',0,''),(147,33,6,'2015-12-08 09:27:57','2015-12-08 09:27:59','','2016-01-05 23:59:59','14:30','[\"复诊\"]',1,'张力','','','下午17号',0,'',0,''),(148,34,6,'2015-12-08 09:32:39','2015-12-08 13:48:42','邱容','2015-10-09 00:00:00','14:30','[\"复诊\"]',1,'姚强','孕周12+1 体重52 血压99/64 腹围74 宫高6','','',1,'产科',1,'[]'),(149,34,6,'2015-12-08 09:33:51','2015-12-08 13:48:37','邱容','2015-11-05 00:00:00','14:30','[\"复诊\"]',1,'姚强','孕周16 体重56 血压109/68 宫高12 腹围78 ','','',1,'产科',1,'[]'),(150,34,6,'2015-12-08 09:34:40','2015-12-08 09:37:34','陈淘','2015-12-03 00:00:00','14:30','[\"复诊\"]',1,'姚强','孕周20 体重58 宫高15 腹围79 ','','',1,'产科',1,'[{\"next_visit_date\":\"2016-01-05\",\"next_visit_time\":\"08:00\",\"next_order_success\":1,\"next_visit_doctor_name\":\"\",\"next_visit_type\":\"[\\\"75G糖\\\"]\",\"next_visit_address\":\"\",\"next_visit_remarks\":\"下午胎儿心脏系统\"},{\"next_visit_date\":\"2016-01-07\",\"next_visit_time\":\"14:30\",\"next_order_success\":1,\"next_visit_doctor_name\":\"姚强\",\"next_visit_type\":\"[\\\"复诊\\\"]\",\"next_visit_address\":\"\",\"next_visit_remarks\":\"微信预约诊间号\"}]'),(151,34,6,'2015-12-08 09:37:34','2015-12-08 09:37:35','','2016-01-05 23:59:59','08:00','[\"75G糖\"]',1,'','','','下午胎儿心脏系统',0,'',0,''),(152,34,6,'2015-12-08 09:37:34','2015-12-08 09:37:36','','2016-01-07 23:59:59','14:30','[\"复诊\"]',1,'姚强','','','微信预约诊间号',0,'',0,''),(153,35,6,'2015-12-08 09:43:32','2015-12-08 13:48:32','邱容','2015-08-04 00:00:00','09:00','[\"就诊\"]',1,'姚强','孕周12+1 血压120/80 体重58 腹围81 宫高7','','',1,'产科',1,'[]'),(154,35,6,'2015-12-08 09:44:34','2015-12-08 13:48:27','陈淘','2015-09-15 00:00:00','15:00','[\"复诊\"]',1,'姚强','孕周18+1 体重63 血压111/70 腹围84 宫高15','','',1,'产科',1,'[]'),(155,35,6,'2015-12-08 09:45:23','2015-12-08 13:48:22','李瑞雪','2015-10-13 00:00:00','15:00','[\"复诊\"]',1,'姚强','孕周22+1 体重62.5 血压110/72 腹围88 宫高19.5 ','','',1,'产科',1,'[]'),(156,35,6,'2015-12-08 09:46:46','2015-12-08 09:48:42','李瑞雪','2015-11-19 00:00:00','15:00','[\"复诊\"]',1,'姚强','孕周27+3 体重66 血压107/65 腹围90 宫高21','','',1,'产科',1,'[{\"next_visit_date\":\"2015-12-31\",\"next_visit_time\":\"08:00\",\"next_order_success\":1,\"next_visit_doctor_name\":\"姚强\",\"next_visit_type\":\"[\\\"复诊\\\"]\",\"next_visit_address\":\"\",\"next_visit_remarks\":\"上午肝功胆汁酸，下午复诊\"}]'),(157,35,6,'2015-12-08 09:48:42','2015-12-08 09:48:43','','2015-12-31 23:59:59','08:00','[\"复诊\"]',1,'姚强','','','上午肝功胆汁酸，下午复诊',0,'',0,''),(158,36,6,'2015-12-08 09:53:09','2015-12-08 13:48:11','陈淘','2015-11-18 00:00:00','09:00','[\"就诊\"]',1,'张力','孕周12 体重42 血压97/68 腹围66 宫高7','','',1,'产科',1,'[]'),(159,36,6,'2015-12-08 09:54:18','2015-12-08 09:57:26','李瑞雪','2015-11-25 00:00:00','09:00','[\"复诊\"]',1,'张力','孕周13 体重42 血压106/71 ','看报告','',1,'产科',1,'[{\"next_visit_date\":\"2015-12-30\",\"next_visit_time\":\"09:00\",\"next_order_success\":1,\"next_visit_doctor_name\":\"张力\",\"next_visit_type\":\"[\\\"复诊\\\"]\",\"next_visit_address\":\"\",\"next_visit_remarks\":\"\"},{\"next_visit_date\":\"2015-12-16\",\"next_visit_time\":\"08:30\",\"next_order_success\":1,\"next_visit_doctor_name\":\"\",\"next_visit_type\":\"[\\\"肝功\\\"]\",\"next_visit_address\":\"\",\"next_visit_remarks\":\"中唐\"},{\"next_visit_date\":\"2016-02-17\",\"next_visit_time\":\"09:00\",\"next_order_success\":1,\"next_visit_doctor_name\":\"\",\"next_visit_type\":\"[\\\"胎儿心脏彩超\\\",\\\"胎儿系统彩超\\\"]\",\"next_visit_address\":\"\",\"next_visit_remarks\":\"\"}]'),(160,36,6,'2015-12-08 09:57:26','2015-12-08 09:57:27','','2015-12-30 23:59:59','09:00','[\"复诊\"]',1,'张力','','','',0,'',0,''),(161,36,6,'2015-12-08 09:57:26','2015-12-08 09:57:28','','2015-12-16 23:59:59','08:30','[\"肝功\"]',1,'','','','中唐',0,'',0,''),(162,36,6,'2015-12-08 09:57:26','2015-12-08 09:57:29','','2016-02-17 23:59:59','09:00','[\"胎儿心脏彩超\",\"胎儿系统彩超\"]',1,'','','','',0,'',0,''),(163,37,6,'2015-12-08 10:07:26','2015-12-08 13:48:02','陈淘','2015-07-06 00:00:00','09:00','[\"就诊\"]',1,'蔡林芮','孕周11+2 血压112/82 腹围81 宫高6 体重65','','',1,'产科',1,'[]'),(164,37,6,'2015-12-08 10:09:30','2015-12-08 13:47:56','邱容','2015-08-12 00:00:00','09:00','[\"复诊\"]',1,'游泳','孕周16+4 体重67 血压113/73 腹围90 宫高14','','',1,'产科',1,'[]'),(165,37,6,'2015-12-08 10:12:40','2015-12-08 13:47:51','邱容','2015-08-19 00:00:00','09:00','[\"复诊\"]',1,'游泳','孕周17+4 体重68 血压113/76 腹围90 宫高15','','',1,'产科',1,'[]'),(166,37,6,'2015-12-08 10:19:45','2015-12-08 13:47:46','陈淘','2015-09-09 00:00:00','09:00','[\"复诊\"]',1,'游泳','孕周20+4 体重68 血压107/77 腹围90 宫高15','','',1,'产科',1,'[]'),(167,37,6,'2015-12-08 10:21:30','2015-12-08 13:47:18','陈淘','2015-09-23 00:00:00','09:00','[\"复诊\"]',1,'游泳','孕周22+4 体重71 血压99/61 腹围94 宫高21','','',1,'产科',1,'[]'),(168,37,6,'2015-12-08 10:22:52','2015-12-08 13:47:07','邱容','2015-10-17 00:00:00','09:00','[\"复诊\"]',1,'吴林','血压115/73 腹围95 宫高24 ','看报告','',1,'产科',1,'[]'),(169,37,6,'2015-12-08 10:24:35','2015-12-08 13:46:56','邱容','2015-10-28 00:00:00','09:00','[\"复诊\"]',1,'游泳','孕周27+4 体重74 血压110/69 腹围98 宫高27 ','','',1,'产科',1,'[]'),(170,37,6,'2015-12-08 10:25:30','2015-12-08 10:33:55','李瑞雪','2015-11-25 00:00:00','09:00','[\"复诊\"]',1,'游泳','孕周31+4 体重76 血压104/70 腹围101 宫高30','','',1,'产科',1,'[{\"next_visit_date\":\"2015-12-15\",\"next_visit_time\":\"08:30\",\"next_order_success\":1,\"next_visit_doctor_name\":\"\",\"next_visit_type\":\"[\\\"肝功\\\"]\",\"next_visit_address\":\"\",\"next_visit_remarks\":\"心电图\"},{\"next_visit_date\":\"2015-12-16\",\"next_visit_time\":\"10:00\",\"next_order_success\":1,\"next_visit_doctor_name\":\"游泳\",\"next_visit_type\":\"[\\\"复诊\\\"]\",\"next_visit_address\":\"\",\"next_visit_remarks\":\"\"}]'),(171,37,6,'2015-12-08 10:33:55','2015-12-08 10:33:56','','2015-12-15 23:59:59','08:30','[\"肝功\"]',1,'','','','心电图',0,'',0,''),(172,37,6,'2015-12-08 10:33:55','2015-12-08 10:33:57','','2015-12-16 23:59:59','10:00','[\"复诊\"]',1,'游泳','','','',0,'',0,''),(173,38,6,'2015-12-08 10:37:48','2015-12-08 10:39:48','邱容','2015-11-20 00:00:00','09:00','[\"复诊\"]',1,'李炜敏','孕周21+ 3 腹围81 宫高17 ','','',1,'产科',1,'[{\"next_visit_date\":\"2015-12-22\",\"next_visit_time\":\"09:00\",\"next_order_success\":1,\"next_visit_doctor_name\":\"李炜敏\",\"next_visit_type\":\"[\\\"复诊\\\"]\",\"next_visit_address\":\"\",\"next_visit_remarks\":\"上午1号\"}]'),(174,38,6,'2015-12-08 10:39:48','2015-12-08 10:39:49','','2015-12-22 23:59:59','09:00','[\"复诊\"]',1,'李炜敏','','','上午1号',0,'',0,''),(175,38,6,'2015-12-08 10:41:07','2015-12-08 10:41:07','','2015-12-15 23:59:59','09:00','[\"75G糖\"]',1,'','','','',0,'',0,''),(176,39,6,'2015-12-08 10:47:16','2015-12-08 13:46:51','邱容','2015-09-09 00:00:00','14:00','[\"就诊\"]',1,'姚强','孕周12+2 血压121/53  腹围86 宫高10 体重53.5','','',1,'产科',1,'[]'),(177,39,6,'2015-12-08 10:48:30','2015-12-08 13:46:46','邱容','2015-10-15 00:00:00','14:00','[\"复诊\"]',1,'姚强','孕周17+4 体重56 血压125/78 宫高14 腹围91 ','','',1,'产科',1,'[]'),(178,39,6,'2015-12-08 10:49:54','2015-12-08 10:53:00','邱容','2015-11-17 00:00:00','15:00','[\"复诊\"]',1,'姚强','孕周22+2 体重59.5 血压112/67 宫高20腹围94 ','','',1,'产科',1,'[{\"next_visit_date\":\"2015-12-22\",\"next_visit_time\":\"15:00\",\"next_order_success\":1,\"next_visit_doctor_name\":\"姚强\",\"next_visit_type\":\"[\\\"复诊\\\"]\",\"next_visit_address\":\"\",\"next_visit_remarks\":\"\"}]'),(179,39,6,'2015-12-08 10:53:00','2015-12-08 10:53:01','','2015-12-22 23:59:59','15:00','[\"复诊\"]',1,'姚强','','','',0,'',0,''),(180,40,6,'2015-12-08 10:58:18','2015-12-08 11:01:11','陈淘','2015-12-04 00:00:00','09:00','[\"就诊\"]',1,'姚强','孕周11+5 血压114/73 腹围81 宫高10 体重53','','',1,'产科',1,'[{\"next_visit_date\":\"2015-12-22\",\"next_visit_time\":\"14:00\",\"next_order_success\":1,\"next_visit_doctor_name\":\"姚强\",\"next_visit_type\":\"[\\\"复诊\\\"]\",\"next_visit_address\":\"\",\"next_visit_remarks\":\"下午8号\"},{\"next_visit_date\":\"2016-03-07\",\"next_visit_time\":\"09:00\",\"next_order_success\":1,\"next_visit_doctor_name\":\"\",\"next_visit_type\":\"[\\\"胎儿心脏彩超\\\",\\\"胎儿系统彩超\\\"]\",\"next_visit_address\":\"\",\"next_visit_remarks\":\"\"}]'),(181,40,6,'2015-12-08 11:01:11','2015-12-08 11:01:12','','2015-12-22 23:59:59','14:00','[\"复诊\"]',1,'姚强','','','下午8号',0,'',0,''),(182,40,6,'2015-12-08 11:01:11','2015-12-08 11:01:13','','2016-03-07 23:59:59','09:00','[\"胎儿心脏彩超\",\"胎儿系统彩超\"]',1,'','','','',0,'',0,''),(183,41,6,'2015-12-08 11:05:56','2015-12-08 13:46:33','邱容','2015-09-14 00:00:00','07:00','[\"就诊\"]',1,'游泳','孕周11+4 体重45 血压123/83 腹围78 ','','',1,'产科',1,'[]'),(184,41,6,'2015-12-08 11:06:58','2015-12-08 13:46:27','邱容','2015-10-26 00:00:00','09:30','[\"复诊\"]',1,'游泳','孕周17+4 体重55 血压111/79 宫高17 腹围80 ','6周复查','',1,'产科',1,'[]'),(185,41,6,'2015-12-08 11:08:25','2015-12-08 11:14:39','陈淘','2015-12-07 00:00:00','09:30','[\"复诊\"]',1,'游泳','孕周23+4  体重56.5 血压108/71 宫高21 腹围87','','',1,'产科',1,'[{\"next_visit_date\":\"2016-01-04\",\"next_visit_time\":\"09:00\",\"next_order_success\":1,\"next_visit_doctor_name\":\"游泳\",\"next_visit_type\":\"[\\\"复诊\\\"]\",\"next_visit_address\":\"\",\"next_visit_remarks\":\"\"},{\"next_visit_date\":\"2015-12-16\",\"next_visit_time\":\"07:00\",\"next_order_success\":1,\"next_visit_doctor_name\":\"\",\"next_visit_type\":\"[\\\"75G糖\\\"]\",\"next_visit_address\":\"\",\"next_visit_remarks\":\"\"}]'),(186,41,6,'2015-12-08 11:14:39','2015-12-08 11:14:40','','2016-01-04 23:59:59','09:00','[\"复诊\"]',1,'游泳','','','',0,'',0,''),(187,41,6,'2015-12-08 11:14:39','2015-12-08 11:14:41','','2015-12-16 23:59:59','07:00','[\"75G糖\"]',1,'','','','',0,'',0,''),(188,42,6,'2015-12-08 11:21:29','2015-12-08 13:46:22','陈淘','2015-09-01 00:00:00','09:00','[\"建卡全套\",\"复诊\"]',1,'姚强','孕周12+3 体重42 血压119/69 ','','',1,'产科',1,'[]'),(189,42,6,'2015-12-08 11:22:39','2015-12-08 13:46:15','陈淘','2015-09-29 00:00:00','15:00','[\"复诊\"]',1,'姚强','孕周16+3 体重42.5 血压114/64 腹围70 宫高12','','',1,'产科',1,'[]'),(190,42,6,'2015-12-08 11:23:21','2015-12-08 13:46:08','陈淘','2015-10-27 00:00:00','15:00','[\"复诊\"]',1,'姚强','孕周20+3 体重44.5 血压103/61 腹围75 宫高17','','',1,'产科',1,'[]'),(191,42,6,'2015-12-08 11:24:33','2015-12-08 11:26:45','陈淘','2015-12-01 00:00:00','15:00','[\"复诊\"]',1,'姚强','孕周25+3 体重47.5 血压104/65腹围80 宫高21','','',1,'产科',1,'[{\"next_visit_date\":\"2016-01-05\",\"next_visit_time\":\"15:00\",\"next_order_success\":1,\"next_visit_doctor_name\":\"姚强\",\"next_visit_type\":\"[\\\"复诊\\\"]\",\"next_visit_address\":\"\",\"next_visit_remarks\":\"下午27号\"}]'),(192,42,6,'2015-12-08 11:26:45','2015-12-08 11:26:46','','2016-01-05 23:59:59','15:00','[\"复诊\"]',1,'姚强','','','下午27号',0,'',0,''),(193,43,6,'2015-12-08 11:31:29','2015-12-08 13:46:03','邱容','2015-09-01 00:00:00','09:00','[\"就诊\"]',1,'姚强','孕周11+6 体重52 血压125/81 腹围77 ','','上午建卡全套NT彩超',1,'产科',1,'[]'),(194,43,6,'2015-12-08 11:32:34','2015-12-08 13:45:57','邱容','2015-10-27 00:00:00','15:00','[\"复诊\"]',1,'姚强','孕周15+6 体重54 血压113/74 宫高13 腹围75 ','','',1,'产科',1,'[]'),(195,43,6,'2015-12-08 11:33:21','2015-12-08 11:36:16','陈淘','2015-11-24 00:00:00','15:00','[\"复诊\"]',1,'姚强','孕周19+6 体重55 血压118/67 宫高17 腹围82 ','','',1,'产科',1,'[{\"next_visit_date\":\"2015-12-25\",\"next_visit_time\":\"08:00\",\"next_order_success\":1,\"next_visit_doctor_name\":\"\",\"next_visit_type\":\"[\\\"75G糖\\\",\\\"胎儿心脏彩超\\\",\\\"胎儿系统彩超\\\"]\",\"next_visit_address\":\"\",\"next_visit_remarks\":\"\"},{\"next_visit_date\":\"2015-12-29\",\"next_visit_time\":\"15:30\",\"next_order_success\":1,\"next_visit_doctor_name\":\"姚强\",\"next_visit_type\":\"[\\\"复诊\\\"]\",\"next_visit_address\":\"\",\"next_visit_remarks\":\"下午35号\"}]'),(196,43,6,'2015-12-08 11:36:16','2015-12-08 11:36:17','','2015-12-25 23:59:59','08:00','[\"75G糖\",\"胎儿心脏彩超\",\"胎儿系统彩超\"]',1,'','','','',0,'',0,''),(197,43,6,'2015-12-08 11:36:16','2015-12-08 11:36:18','','2015-12-29 23:59:59','15:30','[\"复诊\"]',1,'姚强','','','下午35号',0,'',0,''),(198,44,6,'2015-12-08 11:41:18','2015-12-08 13:45:50','邱容','2015-11-06 00:00:00','09:00','[\"就诊\"]',1,'游泳','孕周11+4 体重58 腹围76 宫高6 血压107/77','','',1,'产科',1,'[]'),(199,44,6,'2015-12-08 11:42:11','2015-12-08 11:46:47','邱容','2015-12-02 00:00:00','09:00','[\"复诊\"]',1,'游泳','孕周15+2 体重60.5 孕妇未就诊，邱容代看','','',1,'产科',1,'[{\"next_visit_date\":\"2015-12-16\",\"next_visit_time\":\"14:00\",\"next_order_success\":1,\"next_visit_doctor_name\":\"\",\"next_visit_type\":\"[\\\"唐氏筛查(中)\\\"]\",\"next_visit_address\":\"\",\"next_visit_remarks\":\"\"},{\"next_visit_date\":\"2016-01-27\",\"next_visit_time\":\"09:00\",\"next_order_success\":1,\"next_visit_doctor_name\":\"\",\"next_visit_type\":\"[\\\"胎儿心脏彩超\\\",\\\"胎儿系统彩超\\\"]\",\"next_visit_address\":\"\",\"next_visit_remarks\":\"\"},{\"next_visit_date\":\"2016-01-13\",\"next_visit_time\":\"09:00\",\"next_order_success\":1,\"next_visit_doctor_name\":\"游泳\",\"next_visit_type\":\"[\\\"复诊\\\"]\",\"next_visit_address\":\"\",\"next_visit_remarks\":\"上午17号\"}]'),(200,44,6,'2015-12-08 11:46:47','2015-12-08 11:46:48','','2015-12-16 23:59:59','14:00','[\"唐氏筛查(中)\"]',1,'','','','',0,'',0,''),(201,44,6,'2015-12-08 11:46:47','2015-12-08 11:46:49','','2016-01-27 23:59:59','09:00','[\"胎儿心脏彩超\",\"胎儿系统彩超\"]',1,'','','','',0,'',0,''),(202,44,6,'2015-12-08 11:46:47','2015-12-08 11:46:50','','2016-01-13 23:59:59','09:00','[\"复诊\"]',1,'游泳','','','上午17号',0,'',0,''),(203,45,6,'2015-12-08 11:51:06','2015-12-08 13:45:43','邱容','2015-11-09 00:00:00','09:00','[\"就诊\"]',1,'王宇翮','孕周13 血压130/82 腹围81 宫高7 体重55','','',1,'产科',1,'[]'),(204,45,6,'2015-12-08 11:53:13','2015-12-08 11:56:27','邱容','2015-11-19 00:00:00','09:00','[\"复诊\"]',1,'王晓东','孕周14+3 体重61 血压130/77 ','','',1,'产科',1,'[{\"next_visit_date\":\"2015-12-21\",\"next_visit_time\":\"08:00\",\"next_order_success\":1,\"next_visit_doctor_name\":\"\",\"next_visit_type\":\"[\\\"凝血功能\\\"]\",\"next_visit_address\":\"\",\"next_visit_remarks\":\"羊穿前检查\"},{\"next_visit_date\":\"2015-12-22\",\"next_visit_time\":\"08:30\",\"next_order_success\":1,\"next_visit_doctor_name\":\"\",\"next_visit_type\":\"[\\\"羊水穿刺\\\"]\",\"next_visit_address\":\"\",\"next_visit_remarks\":\"\"},{\"next_visit_date\":\"2016-01-22\",\"next_visit_time\":\"14:30\",\"next_order_success\":1,\"next_visit_doctor_name\":\"\",\"next_visit_type\":\"[\\\"胎儿心脏彩超\\\",\\\"胎儿系统彩超\\\"]\",\"next_visit_address\":\"\",\"next_visit_remarks\":\"\"},{\"next_visit_date\":\"2015-12-24\",\"next_visit_time\":\"09:30\",\"next_order_success\":1,\"next_visit_doctor_name\":\"王晓东\",\"next_visit_type\":\"[\\\"复诊\\\"]\",\"next_visit_address\":\"\",\"next_visit_remarks\":\"\"}]'),(205,45,6,'2015-12-08 11:56:27','2015-12-08 11:56:28','','2015-12-21 23:59:59','08:00','[\"凝血功能\"]',1,'','','','羊穿前检查',0,'',0,''),(206,45,6,'2015-12-08 11:56:27','2015-12-08 11:56:29','','2015-12-22 23:59:59','08:30','[\"羊水穿刺\"]',1,'','','','',0,'',0,''),(207,45,6,'2015-12-08 11:56:27','2015-12-08 11:56:30','','2016-01-22 23:59:59','14:30','[\"胎儿心脏彩超\",\"胎儿系统彩超\"]',1,'','','','',0,'',0,''),(208,45,6,'2015-12-08 11:56:27','2015-12-08 11:56:31','','2015-12-24 23:59:59','09:30','[\"复诊\"]',1,'王晓东','','','',0,'',0,''),(209,46,6,'2015-12-08 12:00:52','2015-12-08 12:05:55','邱容','2015-12-01 00:00:00','14:00','[\"就诊\"]',1,'彭冰','孕周13+2 体重47 血压112/77 腹围81 宫高13','','',1,'产科',1,'[{\"next_visit_date\":\"2015-12-21\",\"next_visit_time\":\"14:00\",\"next_order_success\":1,\"next_visit_doctor_name\":\"\",\"next_visit_type\":\"[\\\"唐氏筛查(中)\\\"]\",\"next_visit_address\":\"\",\"next_visit_remarks\":\"\"},{\"next_visit_date\":\"2016-01-12\",\"next_visit_time\":\"14:30\",\"next_order_success\":1,\"next_visit_doctor_name\":\"彭冰\",\"next_visit_type\":\"[\\\"复诊\\\"]\",\"next_visit_address\":\"\",\"next_visit_remarks\":\"\"},{\"next_visit_date\":\"2016-02-18\",\"next_visit_time\":\"14:30\",\"next_order_success\":1,\"next_visit_doctor_name\":\" \",\"next_visit_type\":\"[\\\"胎儿心脏彩超\\\",\\\"胎儿系统彩超\\\"]\",\"next_visit_address\":\"\",\"next_visit_remarks\":\"\"}]'),(210,46,6,'2015-12-08 12:05:55','2015-12-08 12:05:56','','2015-12-21 23:59:59','14:00','[\"唐氏筛查(中)\"]',1,'','','','',0,'',0,''),(211,46,6,'2015-12-08 12:05:55','2015-12-08 12:05:57','','2016-01-12 23:59:59','14:30','[\"复诊\"]',1,'彭冰','','','',0,'',0,''),(212,46,6,'2015-12-08 12:05:55','2015-12-08 12:05:58','','2016-02-18 23:59:59','14:30','[\"胎儿心脏彩超\",\"胎儿系统彩超\"]',1,' ','','','',0,'',0,''),(213,47,6,'2015-12-08 12:09:52','2015-12-08 13:45:32','陈淘','2015-10-22 00:00:00','14:00','[\"就诊\"]',1,'胡雅毅','孕周14+6 体重60 血压122/85 腹围91 宫高14 ','','',1,'产科',1,'[]'),(214,47,6,'2015-12-08 12:10:55','2015-12-08 12:11:16','陈淘','2015-11-05 00:00:00','15:00','[\"复诊\"]',1,'唐林','孕周16+6 体重67 看报告','','',0,'产科',1,'[]'),(215,47,6,'2015-12-08 12:11:34','2015-12-08 12:13:38','陈淘','2015-11-24 00:00:00','15:00','[\"复诊\"]',1,'胡雅毅','孕周19+3 体重67 血压119/86 宫高17 腹围94 ','','',1,'产科',1,'[{\"next_visit_date\":\"2015-12-29\",\"next_visit_time\":\"15:00\",\"next_order_success\":1,\"next_visit_doctor_name\":\"胡雅毅\",\"next_visit_type\":\"[\\\"复诊\\\"]\",\"next_visit_address\":\"\",\"next_visit_remarks\":\"\"}]'),(216,47,6,'2015-12-08 12:13:38','2015-12-08 12:13:39','','2015-12-29 23:59:59','15:00','[\"复诊\"]',1,'胡雅毅','','','',0,'',0,''),(217,48,6,'2015-12-08 12:17:20','2015-12-08 12:18:00','邱容','2015-07-14 00:00:00','14:00','[\"就诊\"]',1,'胡雅毅','孕周12+4 宫高6 腹围90 血压123/75 体重60 ','','',0,'产科',1,'[]'),(218,48,6,'2015-12-08 12:18:18','2015-12-08 12:18:54','陈淘','2015-08-25 00:00:00','14:00','[\"复诊\"]',1,'胡雅毅','孕周18+4 体重62 血压120/79 腹围91 宫高14 ','5周复诊','',0,'产科',1,'[]'),(219,48,6,'2015-12-08 12:19:09','2015-12-08 12:19:09','','2015-09-29 23:59:59','14:00','[\"复诊\"]',1,'胡雅毅','','','',0,'产科',0,''),(220,8,6,'2015-12-08 14:01:06','2015-12-08 14:01:07','','2015-10-08 23:59:59','07:00','[\"复诊\"]',1,'王晓东','','','',0,'',0,''),(221,8,6,'2015-12-08 14:01:06','2015-12-08 14:01:08','','2015-10-08 23:59:59','07:00','[\"复诊\"]',1,'王晓东','','','',0,'二楼产科',0,''),(222,8,6,'2015-12-08 14:01:06','2015-12-08 14:01:09','','2015-11-05 23:59:59','07:00','[\"复诊\"]',1,'王晓东','','','',0,'产科',0,''),(223,8,6,'2015-12-08 14:01:14','2015-12-08 14:01:15','','2015-09-08 23:59:59','07:00','[\"复诊\"]',1,'王晓东','','','',0,'二楼产科',0,''),(224,20,6,'2015-12-08 14:01:30','2015-12-08 14:01:31','','2015-09-24 23:59:59','07:00','[\"复诊\"]',1,'胡雅毅','','','',0,'',0,''),(225,10,6,'2015-12-08 14:01:35','2015-12-08 14:01:36','','2015-12-11 23:59:59','07:00','[\"75G糖\"]',1,'','','','',0,'',0,''),(226,19,6,'2015-12-08 14:01:39','2015-12-08 14:01:40','','2015-12-16 23:59:59','07:00','[\"复诊\"]',0,'周容','','','',0,'',0,''),(227,10,6,'2015-12-08 14:01:46','2015-12-08 14:01:47','','2015-11-09 23:59:59','07:00','[\"小便常规\"]',1,'游泳','','','',0,'',0,''),(228,10,6,'2015-12-08 14:01:46','2015-12-08 14:01:48','','2015-11-30 23:59:59','07:00','[\"胎儿心脏彩超\",\"胎儿系统彩超\"]',1,'','','','',0,'',0,''),(229,3,6,'2015-12-08 14:03:33','2015-12-08 14:03:34','','2015-12-10 23:59:59','14:30','[\"复诊\"]',1,'彭冰','','','',0,'',0,'');
/*!40000 ALTER TABLE `record` ENABLE KEYS */;
UNLOCK TABLES;

--
-- Table structure for table `user`
--

DROP TABLE IF EXISTS `user`;
/*!40101 SET @saved_cs_client     = @@character_set_client */;
/*!40101 SET character_set_client = utf8 */;
CREATE TABLE `user` (
  `id` int(11) NOT NULL AUTO_INCREMENT,
  `create_time` timestamp NOT NULL DEFAULT CURRENT_TIMESTAMP,
  `update_time` timestamp NOT NULL DEFAULT CURRENT_TIMESTAMP,
  `last_login_time` timestamp NOT NULL DEFAULT CURRENT_TIMESTAMP,
  `status` varchar(32) NOT NULL DEFAULT 'not actived',
  `privilege` int(11) NOT NULL DEFAULT '2006',
  `name` varchar(32) NOT NULL,
  `password` varchar(32) NOT NULL,
  `phonenumber` varchar(32) NOT NULL,
  `wx` varchar(32) DEFAULT '',
  PRIMARY KEY (`id`),
  UNIQUE KEY `name` (`name`),
  KEY `phonenumber` (`phonenumber`)
) ENGINE=InnoDB AUTO_INCREMENT=11 DEFAULT CHARSET=utf8;
/*!40101 SET character_set_client = @saved_cs_client */;

--
-- Dumping data for table `user`
--

LOCK TABLES `user` WRITE;
/*!40000 ALTER TABLE `user` DISABLE KEYS */;
INSERT INTO `user` VALUES (1,'2015-11-30 00:59:54','2015-11-30 00:59:54','2015-11-30 00:59:54','not actived',2038,'邱容','123456','13541235352',''),(3,'2015-11-30 00:59:54','2015-12-07 05:27:15','2015-12-07 05:26:51','actived',2006,'陈淘','555778','15198073537','Caroline1468178921'),(4,'2015-11-30 00:59:54','2015-11-30 00:59:54','2015-11-30 00:59:54','not actived',2006,'吕环宇','123456','13980870629',''),(5,'2015-11-30 00:59:54','2015-11-30 00:59:54','2015-11-30 00:59:54','not actived',2006,'余澜悦','123456','13980870629',''),(6,'2015-11-30 00:59:54','2015-11-30 00:59:54','2015-12-08 13:20:58','actived',2047,'王君','wj0629','13980870629','zz830629'),(7,'2015-11-30 00:59:54','2015-11-30 00:59:54','2015-11-30 00:59:54','not actived',2006,'余军','123456','15108407210','huaxibaishitong'),(8,'2015-11-30 00:59:54','2015-11-30 00:59:54','2015-11-30 00:59:54','not actived',2006,'李瑞雪','123456','18215676176','xue1599859401'),(9,'2015-12-01 06:40:16','2015-12-01 06:45:59','2015-12-08 04:38:10','actived',2006,'张洪莉','123456','18908182406','zhanghongli7202'),(10,'2015-12-07 06:46:25','2015-12-07 06:47:42','2015-12-07 06:47:33','actived',2006,'赵哥','1234567','18081189210','12345678');
/*!40000 ALTER TABLE `user` ENABLE KEYS */;
UNLOCK TABLES;
/*!40103 SET TIME_ZONE=@OLD_TIME_ZONE */;

/*!40101 SET SQL_MODE=@OLD_SQL_MODE */;
/*!40014 SET FOREIGN_KEY_CHECKS=@OLD_FOREIGN_KEY_CHECKS */;
/*!40014 SET UNIQUE_CHECKS=@OLD_UNIQUE_CHECKS */;
/*!40101 SET CHARACTER_SET_CLIENT=@OLD_CHARACTER_SET_CLIENT */;
/*!40101 SET CHARACTER_SET_RESULTS=@OLD_CHARACTER_SET_RESULTS */;
/*!40101 SET COLLATION_CONNECTION=@OLD_COLLATION_CONNECTION */;
/*!40111 SET SQL_NOTES=@OLD_SQL_NOTES */;

-- Dump completed on 2015-12-08 23:23:54
