-- MySQL dump 10.13  Distrib 5.6.28, for Linux (x86_64)
--
-- Host: localhost    Database: dtjx
-- ------------------------------------------------------
-- Server version	5.6.28

/*!40101 SET @OLD_CHARACTER_SET_CLIENT=@@CHARACTER_SET_CLIENT */;
/*!40101 SET @OLD_CHARACTER_SET_RESULTS=@@CHARACTER_SET_RESULTS */;
/*!40101 SET @OLD_COLLATION_CONNECTION=@@COLLATION_CONNECTION */;
/*!40101 SET NAMES utf8 */;
/*!40103 SET @OLD_TIME_ZONE=@@TIME_ZONE */;
/*!40103 SET TIME_ZONE='+00:00' */;
/*!40014 SET @OLD_UNIQUE_CHECKS=@@UNIQUE_CHECKS, UNIQUE_CHECKS=0 */;
/*!40014 SET @OLD_FOREIGN_KEY_CHECKS=@@FOREIGN_KEY_CHECKS, FOREIGN_KEY_CHECKS=0 */;
/*!40101 SET @OLD_SQL_MODE=@@SQL_MODE, SQL_MODE='NO_AUTO_VALUE_ON_ZERO' */;
/*!40111 SET @OLD_SQL_NOTES=@@SQL_NOTES, SQL_NOTES=0 */;

--
-- Table structure for table `customer`
--

DROP TABLE IF EXISTS `customer`;
/*!40101 SET @saved_cs_client     = @@character_set_client */;
/*!40101 SET character_set_client = utf8 */;
CREATE TABLE `customer` (
  `id` bigint(32) unsigned NOT NULL AUTO_INCREMENT,
  `create_time` timestamp NOT NULL DEFAULT CURRENT_TIMESTAMP,
  `update_time` timestamp NOT NULL DEFAULT CURRENT_TIMESTAMP,
  `name` varchar(32) NOT NULL,
  `idnumber` varchar(32) DEFAULT '',
  `phonenumber` varchar(32) NOT NULL,
  `wx` varchar(32) DEFAULT '',
  `sellname` varchar(32) DEFAULT '',
  `doctor_name` varchar(32) DEFAULT '',
  `last_menses_time` datetime DEFAULT NULL,
  `due_time` datetime DEFAULT NULL,
  `order_time` datetime DEFAULT NULL,
  `order_over_time` datetime DEFAULT NULL,
  `remarks` varchar(1024) DEFAULT '',
  `vip` tinyint(4) unsigned DEFAULT '0',
  `familyname` varchar(32) DEFAULT '',
  `familyphonenumber` varchar(32) DEFAULT '',
  `address` varchar(32) DEFAULT '',
  `age` varchar(32) DEFAULT '',
  `customer_type` varchar(32) DEFAULT '',
  `height` varchar(32) DEFAULT NULL,
  `weight` varchar(32) DEFAULT NULL,
  PRIMARY KEY (`id`),
  KEY `name` (`name`),
  KEY `phonenumber` (`phonenumber`)
) ENGINE=InnoDB AUTO_INCREMENT=99 DEFAULT CHARSET=utf8;
/*!40101 SET character_set_client = @saved_cs_client */;

--
-- Dumping data for table `customer`
--

LOCK TABLES `customer` WRITE;
/*!40000 ALTER TABLE `customer` DISABLE KEYS */;
INSERT INTO `customer` VALUES (2,'2015-11-30 09:01:00','2015-12-07 07:24:25','钟佳怡','','18628218625','','王君','张力','2015-03-16 00:00:00','2015-12-22 00:00:00','2015-06-12 00:00:00','2016-01-11 00:00:00','',1,'','','','33','孕妈妈',NULL,NULL),(3,'2015-12-01 05:48:06','2015-12-07 07:26:55','谢文勤','','18981738525','','陈淘','彭冰','2015-08-24 00:00:00','2016-05-29 00:00:00','2015-11-29 00:00:00','2016-06-28 00:00:00','',1,'余任游','18783754105','','31','孕妈妈',NULL,NULL),(4,'2015-12-01 05:52:21','2015-12-01 05:53:00','吴建华','','13880705598','','邱容','彭冰','2015-05-15 00:00:00','2016-02-22 00:00:00','2015-08-13 00:00:00','2016-02-12 00:00:00','',1,'柳科新','13880615516','','35','孕妈妈',NULL,NULL),(5,'2015-12-01 05:55:54','2015-12-01 06:25:05','曾萍','','13086621333','','王君','游泳','2015-07-09 00:00:00','2016-04-13 00:00:00','2015-09-30 00:00:00','2016-04-29 00:00:00','',1,'苏胜强','13990938911','','34','孕妈妈',NULL,NULL),(6,'2015-12-01 06:23:07','2015-12-01 06:24:35','王惠','','13540794444','','邱容','彭冰','2015-08-29 00:00:00','2016-06-09 00:00:00','2015-11-23 00:00:00','2016-05-22 00:00:00','',1,'李鑫恒','18628015728','成都市锦江区东光街办','29','孕妈妈',NULL,NULL),(7,'2015-12-01 06:26:26','2015-12-07 07:40:14','赵轶','','13908221270','','王君','姚强','2015-07-11 00:00:00','2016-04-17 00:00:00','2015-10-15 00:00:00','2016-04-14 00:00:00','',1,'李洋','13688160678','新都镇城关（西）新城马超社区','34','孕妈妈',NULL,NULL),(8,'2015-12-01 06:30:31','2015-12-07 07:43:22','郑希','','15881024691','','王君','王晓东','2015-05-06 00:00:00','2016-02-14 00:00:00','2015-08-04 00:00:00','2016-03-03 00:00:00','',1,'钟燃','15928744939','成都市高新区天顺路66号','25','孕妈妈',NULL,NULL),(9,'2015-12-01 06:33:30','2015-12-07 07:44:13','鄢纬','','13689091879','','张红莉','王晓东','2015-05-14 00:00:00','2016-02-15 00:00:00','2015-08-13 00:00:00','2016-03-12 00:00:00','',1,'周子淳','','温江区长安路101号','29','孕妈妈',NULL,NULL),(10,'2015-12-01 06:38:19','2015-12-07 07:45:35','岳进雪','','15828466663','','王君','游泳','2015-06-10 00:00:00','2016-03-21 00:00:00','2015-09-08 00:00:00','2016-04-07 00:00:00','',1,'汪懋强','13778572222','高新区西区合作镇街道办事处','24','孕妈妈',NULL,NULL),(13,'2015-12-01 07:36:27','2015-12-01 07:37:19','汪蓓蓓','','18123233320','','王君','胡雅毅','2015-04-14 00:00:00','2016-01-24 00:00:00','2015-07-06 00:00:00','2016-02-05 00:00:00','',1,'邓可','18602862867','成都市高升桥东路9号竺桂苑','32','孕妈妈',NULL,NULL),(14,'2015-12-01 08:00:32','2015-12-01 08:11:40','袁媛','511002198303275627','13880885327','','邱容','姚强','2015-06-15 00:00:00','2016-03-19 00:00:00','2015-09-10 00:00:00','2016-04-09 00:00:00','',1,'','13551111820','成都市武侯区簇桥街办','32','孕妈妈',NULL,NULL),(17,'2015-12-07 08:17:51','2015-12-07 08:18:15','曲波','','13982102827','1111111','邱容','张力','2015-08-15 00:00:00','2016-05-18 00:00:00','2015-11-05 00:00:00','2016-06-04 00:00:00','',1,'张林','13982192327','武侯区双楠街道','33','孕妈妈',NULL,NULL),(18,'2015-12-08 04:29:06','2015-12-08 04:30:07','杜青','','13088005334','111111','王君','游泳','2015-07-04 00:00:00','2016-04-11 00:00:00','2015-09-30 00:00:00','2016-04-29 00:00:00','',1,'张鹏','13880642980','武侯区红牌楼街道办','29','孕妈妈',NULL,NULL),(19,'2015-12-08 04:48:02','2015-12-08 04:48:24','曹亚琴','','15928028370','QINQIN1987711','王君','周容','2015-05-04 00:00:00','2016-02-11 00:00:00','2015-08-26 00:00:00','2016-03-25 00:00:00','',1,'张福成','13708008829','成都市高新区神仙路元华二巷紫荆春天5栋3-9','28','孕妈妈',NULL,NULL),(20,'2015-12-08 05:11:43','2015-12-08 05:12:14','邓杰文','','15882073756','dengmadman1006','王君','胡雅毅','2015-05-26 00:00:00','2016-03-04 00:00:00','2015-08-17 00:00:00','2016-03-16 00:00:00','',1,'千国有','13608190875','成都市成华区东方惠城A-7-2-2005','25','孕妈妈',NULL,NULL),(21,'2015-12-08 05:26:54','2015-12-08 05:27:33','邓红丽','510122199211251921','18200156703','111111','邱容','姚强','2015-07-07 00:00:00','2016-04-12 00:00:00','2015-10-27 00:00:00','2016-04-26 00:00:00','',1,'谭宇','18280497710','成都市锦江区龙舟路街道','23','孕妈妈',NULL,NULL),(22,'2015-12-08 06:04:25','2015-12-08 06:05:10','邓晓兰','','13808191662','yukyyoyo','王君','游泳','2015-03-28 00:00:00','2015-12-30 00:00:00','2015-06-29 00:00:00','2016-01-28 00:00:00','',1,'杨世柳','13688083725','成都市青羊区双新南路艺水芳乡','33','孕妈妈',NULL,NULL),(24,'2015-12-08 06:44:04','2015-12-08 06:44:34','陈凌','','13688124777','111111','陈淘','张力','2015-08-20 00:00:00','2016-05-26 00:00:00','2015-11-13 00:00:00','2016-06-12 00:00:00','',1,'白天','13679080191','成都市高新区中和街道','31','孕妈妈',NULL,NULL),(25,'2015-12-08 06:53:22','2015-12-08 06:53:52','陈晓容','','18602885823','111111','王君','姚强','2015-08-05 00:00:00','2016-05-11 00:00:00','2015-10-27 00:00:00','2016-05-26 00:00:00','',1,'申楚鹏','13980880713','成都市武侯区簇桥街道','31','孕妈妈',NULL,NULL),(26,'2015-12-08 07:21:34','2015-12-08 07:22:16','龙维佳','','13981880865','Mandy-lony','邱容','游泳','2015-05-30 00:00:00','2016-03-06 00:00:00','2015-08-19 00:00:00','2016-03-18 00:00:00','',1,'桑建','13808235044','成都市高新区益州大道盛邦街华府西苑7-130','36','孕妈妈',NULL,NULL),(27,'2015-12-08 07:58:52','2015-12-08 08:00:40','韩琳','','13808082972','yuerbaibai999','邱容','周容','2015-04-12 00:00:00','2016-01-25 00:00:00','2015-07-09 00:00:00','2016-02-08 00:00:00','',1,'陈川','13808081972','成都市高新区九兴大道七号','26','孕妈妈',NULL,NULL),(28,'2015-12-08 08:19:38','2015-12-08 08:20:26','周婧','511025198307319089','18048527180','hankhan9527','王君','游泳','2015-06-15 00:00:00','2016-03-22 00:00:00','2015-09-10 00:00:00','2016-04-09 00:00:00','',1,'韩宁远','18048537180','成都市武侯区簇桥街道','32','孕妈妈',NULL,NULL),(29,'2015-12-08 08:31:22','2015-12-08 08:31:47','杨琳','510105198106080285','13709034381','wangjigang567276 客户老公','邱容','游泳','2015-06-17 00:00:00','2016-03-23 00:00:00','2015-09-14 00:00:00','2016-04-13 00:00:00','',1,'王继刚','13880471978','成都锦江区狮子山街办','34','孕妈妈',NULL,NULL),(30,'2015-12-08 08:39:34','2015-12-08 08:39:55','叶禾','','13693452866','doris-yh','张洪莉','彭冰','2015-03-27 00:00:00','2016-01-01 00:00:00','2015-07-09 00:00:00','2016-02-08 00:00:00','',1,'胡斌','13693452837','成都市锦江区经天路8号','33','孕妈妈',NULL,NULL),(31,'2015-12-08 08:55:35','2015-12-08 08:56:24','严海燕','','18080912459','111111','邱容','游泳','2015-03-19 00:00:00','2015-12-28 00:00:00','2015-06-15 00:00:00','2016-01-14 00:00:00','',1,'王俊','18608045769','成都市锦江区琉璃路299号','32','孕妈妈',NULL,NULL),(32,'2015-12-08 09:09:32','2015-12-08 09:11:02','刘文黎','','15882422110','15882422110','王君','张力','2015-08-08 00:00:00','2016-05-22 00:00:00','2015-11-05 00:00:00','2016-06-04 00:00:00','',1,'万劼','15982381090','成都市成华区桃溪街道','28','孕妈妈',NULL,NULL),(33,'2015-12-08 09:23:03','2015-12-08 09:23:31','冯佳','','15902826086','fengjia1218','王君','姚强','2015-07-22 00:00:00','2016-04-22 00:00:00','2015-10-13 00:00:00','2016-05-12 00:00:00','',1,'周晓辉','13880726889','成都市高新区桂溪街道办事处','30','孕妈妈',NULL,NULL),(34,'2015-12-08 09:31:46','2015-12-08 09:32:08','傅星宇','','13550100599','13550100599','王君','姚强','2015-07-16 00:00:00','2016-04-24 00:00:00','2015-10-09 00:00:00','2016-05-08 00:00:00','',1,'张夏','13908040194','成都市高新区桂溪街道办事处','28','孕妈妈',NULL,NULL),(35,'2015-12-08 09:42:34','2015-12-08 09:43:00','杭远','','13550091121','Ayu-pink','张洪莉','姚强','2015-05-11 00:00:00','2016-02-19 00:00:00','2015-08-04 00:00:00','2016-03-03 00:00:00','',1,'刘肖','15184344444','成都市武侯区太平园中六路166号','31','孕妈妈',NULL,NULL),(36,'2015-12-08 09:52:14','2015-12-08 09:52:40','高小茜','','13608093191','Jenny-Gao1218','王君','张力','2015-08-26 00:00:00','2016-06-04 00:00:00','2015-11-18 00:00:00','2016-06-17 00:00:00','',1,'甘炜','13689097382','成都市高新区石羊街道办事处','28','孕妈妈',NULL,NULL),(37,'2015-12-08 10:03:54','2015-12-08 10:05:48','胡元丽','','13458681887','H13458681887','邱容','游泳','2015-04-18 00:00:00','2016-01-23 00:00:00','2015-07-06 00:00:00','2016-02-05 00:00:00','',1,'吕进华','','成都市新都区斑竹园镇雷家村2组','27','孕妈妈',NULL,NULL),(38,'2015-12-08 10:36:27','2015-12-08 10:36:53','何深','','13890015552','13890015552','王君','李维敏','2015-05-20 00:00:00','2016-03-30 00:00:00','2015-09-17 00:00:00','2016-04-16 00:00:00','未签客户',1,'邓勇','18602885188','','26','孕妈妈',NULL,NULL),(39,'2015-12-08 10:46:06','2015-12-08 10:46:30','胡成霞','510112197408121520','13880657995','13880657995','邱容','姚强','2015-06-14 00:00:00','2016-03-20 00:00:00','2015-09-09 00:00:00','2016-04-08 00:00:00','',1,'李圣冲','13308215673','成都市龙泉驿区龙泉街道办','41','孕妈妈',NULL,NULL),(40,'2015-12-08 10:57:10','2015-12-08 10:57:37','胡文颖','','13880791339','13880791339','王君','姚强','2015-09-13 00:00:00','2016-06-19 00:00:00','2015-12-04 00:00:00','2016-07-03 00:00:00','',1,'黄俊峰','13568813130','成都市金牛区茶店子街道','29','孕妈妈',NULL,NULL),(41,'2015-12-08 11:05:02','2015-12-08 11:05:23','郭玮','510108198010120325','18683375274','jace28185218','王君','游泳','2015-06-25 00:00:00','2016-03-30 00:00:00','2015-09-14 00:00:00','2016-04-13 00:00:00','',1,'宋劲松','13018219875','成都市高新区芳草街道办','35','孕妈妈',NULL,NULL),(42,'2015-12-08 11:20:21','2015-12-08 11:20:45','贾荔瑶','','13679011341','13679011341','王君','姚强','2015-06-06 00:00:00','2016-03-14 00:00:00','2015-09-01 00:00:00','2016-04-30 00:00:00','',1,'覃朗','13258178303','成都市武侯区鹭岛国际3期','28','孕妈妈',NULL,NULL),(43,'2015-12-08 11:29:48','2015-12-08 11:30:43','贾琪','','15228977021','jiaqi81685177','王君','姚强','2015-07-08 00:00:00','2016-04-15 00:00:00','2015-09-01 00:00:00','2016-04-30 00:00:00','',1,'王洪旭','18602812012','成都市成华区万年场街办','29','孕妈妈',NULL,NULL),(44,'2015-12-08 11:39:58','2015-12-08 11:40:39','李露','510183198911033325','18608040727','Yulu13142','邱容','游泳','2015-08-17 00:00:00','2016-05-20 00:00:00','2015-11-06 00:00:00','2016-04-05 00:00:00','',1,'李雨松','18628106444','成都市高新区石羊街道办事处','26','孕妈妈',NULL,NULL),(45,'2015-12-08 11:49:36','2015-12-08 11:49:54','林媛','','18982063399','18982063399','张洪莉','王晓东','2015-08-10 00:00:00','2016-05-14 00:00:00','2015-11-09 00:00:00','2016-06-08 00:00:00','',1,'李文学','15828308844','成都市锦江区狮子街办','36','孕妈妈',NULL,NULL),(46,'2015-12-08 11:59:35','2015-12-08 12:00:15','李红','510122198209064129','13980892875','13980892875','邱容','姚强','2015-08-30 00:00:00','2016-06-01 00:00:00','2015-11-25 00:00:00','2016-06-24 00:00:00','',1,'陈有志','13688006757','成都市双流县东升街道办','33','孕妈妈',NULL,NULL),(47,'2015-12-08 12:08:14','2015-12-08 12:09:22','刘红','','13708183712','13708183712','王君','胡雅毅','2015-07-10 00:00:00','2016-04-10 00:00:00','2015-10-22 00:00:00','2016-05-21 00:00:00','',1,'杨涛','13666209926','成都市青羊区苏坡街道办','31','孕妈妈',NULL,NULL),(48,'2015-12-08 12:16:29','2015-12-08 12:16:53','李俊','','13730880304','xiaoxiao-chengdou','邱容','胡雅毅','2015-04-17 00:00:00','2016-01-18 00:00:00','2015-07-14 00:00:00','2016-02-13 00:00:00','',1,'张远见','15882145051','成都市双流县航空港长江路一段上优水岸4-2-3','33','孕妈妈',NULL,NULL),(50,'2015-12-09 05:59:13','2015-12-09 07:42:37','聂佳','512533198107130327','13880776788','jj7919536','邱容','游泳','2015-05-21 00:00:00','2016-02-23 00:00:00','2015-08-11 00:00:00','2016-03-10 00:00:00','',1,'周冶','13980774606','一环路西三段百寿路4号','34','孕妈妈',NULL,NULL),(51,'2015-12-09 06:07:48','2015-12-09 07:44:09','伍梦希','11111111','159280887116','丈夫-drinking-kk','邱容','张力','2015-04-25 00:00:00','2016-02-02 00:00:00','2015-07-22 00:00:00','2016-02-21 00:00:00','',1,'付凯','13036690066','高新区会龙大道69号','24','孕妈妈',NULL,NULL),(53,'2015-12-09 06:21:57','2015-12-09 07:45:27','肖云','11111111','18084869319','18084869319','邱容','吴琳','2015-07-08 00:00:00','2016-04-16 00:00:00','2015-11-04 00:00:00','2016-05-03 00:00:00','',1,'陈绍斌','18981912680','高新区芳草街街道办事处','41','孕妈妈',NULL,NULL),(54,'2015-12-09 06:24:48','2015-12-09 06:25:32','徐菲','','13683412133','1111111','张洪莉','彭冰','2015-09-28 00:00:00','2016-07-05 00:00:00',NULL,NULL,'',0,'','','','36','孕妈妈',NULL,NULL),(55,'2015-12-09 06:29:14','2015-12-09 07:48:20','熊华','111111111','13908086326','llittle-bearonly','邱容','游泳','2015-03-25 00:00:00','2015-12-28 00:00:00','2015-06-16 00:00:00','2016-01-17 00:00:00','',1,'薛俊','13668136134','金牛区龙湖北城天街一期5-2-403','34','孕妈妈',NULL,NULL),(56,'2015-12-09 06:33:37','2015-12-09 08:55:58','冉婷婷','','18200126643','1111111','王君','姚强','2015-09-23 00:00:00','2016-07-14 00:00:00',NULL,NULL,'接手人邱容',0,'','','','28','孕妈妈',NULL,NULL),(57,'2015-12-09 06:36:13','2015-12-10 07:56:30','卢婉','511502198804190688','13550006164','13550006164','余军','邢爱耘','2015-09-20 00:00:00','2016-06-26 00:00:00','2015-12-09 00:00:00','2016-07-08 00:00:00','已交3000定金，邱容接手',1,'严朗','13808181894','成都市金牛区西安路街道','28','孕妈妈',NULL,NULL),(58,'2015-12-09 06:38:44','2015-12-09 07:46:07','瞿子易','11111111','13541219890','qzyqxs','邱容','游泳','2015-06-05 00:00:00','2016-03-13 00:00:00','2015-09-28 00:00:00','2016-04-27 00:00:00','',1,'罗鑫','13438468601','建设路北一段83号','30','孕妈妈',NULL,NULL),(59,'2015-12-09 06:44:16','2015-12-09 07:50:01','张春毕','1111111','13730389521','13730389521','邱容','邢爱耘','2015-07-04 00:00:00','2016-04-12 00:00:00','2015-10-14 00:00:00','2016-05-13 00:00:00','',1,'罗焌钰','13730821718','武侯区红牌楼街道','30','孕妈妈',NULL,NULL),(61,'2015-12-09 06:56:18','2015-12-09 07:46:30','任敏','11111111','18502835046','1111111','邱容','龚云辉','2015-08-22 00:00:00','2016-05-26 00:00:00','2015-11-09 00:00:00','2016-04-08 00:00:00','',1,'周楠','18615743128','双流县华阳街道','31','孕妈妈',NULL,NULL),(62,'2015-12-09 06:56:58','2015-12-09 07:36:15','樊婷','111111111111111','18583906869','tiffanyft','张洪莉','游泳','2015-07-24 00:00:00','2016-04-29 00:00:00','2015-10-12 00:00:00','2016-05-11 00:00:00','',1,'张道明','18010651943','成都市武侯区簇桥街道','31','孕妈妈',NULL,NULL),(63,'2015-12-09 07:02:48','2015-12-09 07:50:58','谭晓凤','11111111','13808206016','13808206016','邱容','姚强','2015-05-02 00:00:00','2016-02-05 00:00:00','2015-08-07 00:00:00','2016-03-06 00:00:00','',1,'秦政伟','13882197858','金牛区蜀沃东路2号泰逸美景4-1-502','36','孕妈妈',NULL,NULL),(65,'2015-12-09 07:13:08','2015-12-09 07:34:19','沙维玮','1111111','13550055526','111111','邱容','游泳','2015-08-21 00:00:00','2016-05-31 00:00:00','2015-11-09 00:00:00','2016-06-08 00:00:00','',1,'董皞','13881914111','都江堰市幸福镇','27','孕妈妈',NULL,NULL),(66,'2015-12-09 07:16:11','2015-12-09 07:34:00','申思','11111111','18615717688','111111','邱容','龚云辉','2015-08-30 00:00:00','2016-06-04 00:00:00','2015-11-23 00:00:00','2016-06-22 00:00:00','',1,'王维','13880638805','青羊区太升街道','30','孕妈妈',NULL,NULL),(67,'2015-12-09 07:19:23','2015-12-09 07:54:20','舒洁','1111111','13540042686','anil008','邱容','姚强','2015-08-25 00:00:00','2016-05-31 00:00:00','2015-11-19 00:00:00','2016-06-18 00:00:00','',1,'闵捷','13540460108','崇州市崇阳镇','29','孕妈妈',NULL,NULL),(69,'2015-12-09 07:26:35','2015-12-09 07:29:44','王佳','1111111','13538927818','111111','邱容','胡雅毅','2015-07-27 00:00:00','2016-05-03 00:00:00','2015-11-09 00:00:00','2016-05-08 00:00:00','',1,'','','','32','孕妈妈',NULL,NULL),(70,'2015-12-09 07:29:36','2015-12-09 07:30:26','王春雪','11111111','13678156575','111111','邱容','张力','2015-05-17 00:00:00','2016-02-19 00:00:00','2015-07-31 00:00:00','2016-03-02 00:00:00','',1,'陈锦华','13628025158','青白江区香苑','29','孕妈妈',NULL,NULL),(71,'2015-12-09 07:32:25','2015-12-09 07:53:45','王婷','1111111','13880567527','wendy-1234567','邱容','张力','2015-07-26 00:00:00','2016-05-04 00:00:00','2015-10-19 00:00:00','2016-05-18 00:00:00','',1,'李飞','13808193168','锦江区龙舟路街道','25','孕妈妈',NULL,NULL),(73,'2015-12-09 07:58:45','2015-12-09 08:47:24','陶银艳','111111111','13568986151','11111111','邱容','张力','2015-07-21 00:00:00','2016-04-28 00:00:00','2015-10-12 00:00:00','2016-05-12 00:00:00','',1,'赵斌','15902880405','双流县西航港','32','孕妈妈',NULL,NULL),(75,'2015-12-09 08:09:07','2015-12-09 08:44:49','岳进雪','513128199110016042','13778572222','yjx555','邱容','龚云辉','2015-06-10 00:00:00','2016-03-21 00:00:00','2015-09-07 00:00:00','2016-04-06 00:00:00','',1,'汪懋强','13778572222','高新区西区合作镇街道办事处','24','孕妈妈',NULL,NULL),(76,'2015-12-09 08:12:56','2015-12-09 08:51:16','叶平','11111111','13668103838','1111111','余军','龚云辉','2015-09-04 00:00:00','2016-06-14 00:00:00',NULL,NULL,'陈淘接手',0,'朱盛彬','15882225818','青白江区清泉镇','34','孕妈妈',NULL,NULL),(77,'2015-12-09 08:17:29','2015-12-09 08:40:17','殷丽娟','1111111','13708219019','moxiaoluo592376','王君','胡雅毅','2015-06-05 00:00:00','2016-03-10 00:00:00','2015-08-28 00:00:00','2016-03-27 00:00:00','',1,'谢冬明','18080022425','静安路5号','33','孕妈妈',NULL,NULL),(78,'2015-12-09 08:20:01','2015-12-09 08:42:18','袁利','1111111','13881821657','13881821657','王君','姚强','2015-07-07 00:00:00','2016-04-11 00:00:00','2015-10-08 00:00:00','2016-05-07 00:00:00','',1,'李建','13551830138','天府新区华阳街道','28','孕妈妈',NULL,NULL),(79,'2015-12-09 08:29:50','2015-12-09 08:42:47','周月','1111111','13908083439','1111111','邱容','姚强','2015-04-03 00:00:00','2016-01-10 00:00:00','2015-07-22 00:00:00','2016-02-21 00:00:00','',1,'李致柯','13708050190','高新区德赛二街166号一栋二单元602','27','孕妈妈',NULL,NULL),(80,'2015-12-09 08:35:22','2015-12-09 08:43:10','赵蜀衡','1111111','13890366616','111111','邱容','游泳','2015-03-25 00:00:00','2016-01-02 00:00:00','2015-06-18 00:00:00','2016-01-17 00:00:00','',1,'王茂驹','13808168928','眉山市东坡区运管所','36','孕妈妈',NULL,NULL),(81,'2015-12-09 08:43:17','2015-12-09 08:49:25','周鲁平','1111111','18681358580','11111111','邱容','游泳','2015-07-23 00:00:00','2016-04-20 00:00:00','2015-07-21 00:00:00','2016-04-28 00:00:00','',1,'','','','30','孕妈妈',NULL,NULL),(82,'2015-12-09 08:51:08','2015-12-10 06:16:24','张丽娟','11111111','18084832032','18084832032','王君','胡雅毅','2015-03-08 00:00:00','2015-12-21 00:00:00','2015-06-08 00:00:00','2015-12-21 00:00:00','',1,'陈雨','18084862032','','31','孕妈妈',NULL,NULL),(83,'2015-12-09 08:56:45','2015-12-09 09:00:34','张莹铢','1111111','18140021209','18140021209','陈淘','张力','2015-09-03 00:00:00','2016-06-15 00:00:00','2015-12-01 00:00:00','2016-06-30 00:00:00','',1,'潘冬针','18123460307','武侯区火车南站街办','26','孕妈妈',NULL,NULL),(84,'2015-12-09 09:02:39','2015-12-10 05:31:12','郑倩','1111111','13880169638','qian344377','王君','彭冰','2015-03-17 00:00:00','2016-01-01 00:00:00','2015-06-09 00:00:00','2016-01-09 00:00:00','',1,'谭世杰','13882252867','成华区石油路石油苑b区2幢401','33','孕妈妈',NULL,NULL),(85,'2015-12-09 09:07:07','2015-12-10 05:49:34','邬婷','111111111','13882225150','老公：lw9841017','王君','吴琳','2015-05-04 00:00:00','2016-02-08 00:00:00','2015-07-28 00:00:00','2016-02-27 00:00:00','',1,'李维','13880246407','成华区龙湖三千1期3-1-2506','30','孕妈妈',NULL,NULL),(86,'2015-12-09 09:11:17','2015-12-10 06:12:32','李永玲','11111111','18108093232','liling9396','王君','张力','2015-03-26 00:00:00','2016-01-12 00:00:00','2015-06-30 00:00:00','2015-12-31 00:00:00','',1,'徐力','13608087929','龙泉驿区蓝色理想','34','孕妈妈',NULL,NULL),(87,'2015-12-09 09:17:30','2015-12-10 06:38:39','康韵','11111111','13666299142','kangkang122','余军','彭冰','2015-04-13 00:00:00','2016-01-22 00:00:00','2015-07-14 00:00:00','2016-02-13 00:00:00','',1,'李明','13808033625','高新区金桂路238号','32','孕妈妈',NULL,NULL),(88,'2015-12-09 09:20:53','2015-12-10 07:02:22','冉娟','11111111','13980834105','wudu-5834','王君','胡雅毅','2015-07-05 00:00:00','2016-04-10 00:00:00','2015-09-28 00:00:00','2016-04-27 00:00:00','',1,'胡永华','13551856567','双流县华阳街道','31','孕妈妈',NULL,NULL),(89,'2015-12-09 09:25:46','2015-12-10 07:10:58','胡佳','11111111','13558671611','1111111','邱容','彭冰','2015-03-03 00:00:00','2015-12-15 00:00:00','2015-05-18 00:00:00','2015-12-17 00:00:00','',1,'王帅','18782988567','高新区南城都会3b期1栋1503','24','孕妈妈',NULL,NULL),(90,'2015-12-09 09:32:36','2015-12-10 07:41:37','刘珍','11111111','13568906270','老公-Justinfqs','余军','游泳','2015-03-31 00:00:00','2016-01-06 00:00:00','2015-06-26 00:00:00','2016-01-25 00:00:00','',1,'范秋实','13028119829','四川省资中县重龙镇各田坝村二村10组','32','孕妈妈',NULL,NULL),(91,'2015-12-10 04:27:10','2015-12-10 04:27:36','蹇艳','510824198106200029','13881910291','13881910291','王君','李维敏','2015-09-07 00:00:00','2016-06-18 00:00:00','2015-12-03 00:00:00','2016-07-02 00:00:00','',1,'龚立','13981894573','成都市武侯区跳伞塔街办','34','孕妈妈',NULL,NULL),(92,'2015-12-10 06:14:59','2015-12-10 06:36:46','吴奕洁','','18628071922','wuyijie1','李瑞雪','王晓东','2015-05-12 00:00:00','2016-02-11 00:00:00','2015-08-03 00:00:00','2016-03-02 00:00:00','',1,'','','','33','孕妈妈',NULL,NULL),(93,'2015-12-10 07:32:38','2015-12-10 07:32:38','张芳梅','','18908085425','18908085425','邱容','王晓东','2015-09-10 00:00:00','2016-06-18 00:00:00',NULL,NULL,'',0,'','','','30','孕妈妈',NULL,NULL),(94,'2015-12-10 09:35:08','2015-12-14 05:15:43','王娟','11111111','13980520892','1111111','张洪莉','姚强','2015-03-21 00:00:00','2016-01-03 00:00:00','2015-06-10 00:00:00','2016-01-09 00:00:00','',1,'曾季池','13908079059','华阳南阳盛世','35','孕妈妈',NULL,NULL),(95,'2015-12-10 09:54:12','2015-12-14 06:10:38','孙念雨','1111111111111','13795713600','111111111','邱容','彭冰','2015-04-05 00:00:00','2016-01-04 00:00:00','2015-07-07 00:00:00','2016-02-06 00:00:00','',1,'林磊','13281100008','成都市青羊区蜀辉路686号欧韵金沙四栋二单元','25','孕妈妈',NULL,NULL),(96,'2015-12-10 09:58:16','2015-12-14 06:09:35','伍丹','1111111111111','13880704378','11111111','邱容','胡雅毅','2015-03-14 00:00:00','2015-12-18 00:00:00','2015-06-04 00:00:00','2016-01-03 00:00:00','',1,'邓勇','13708077909','成都市青羊区东顺路164号','32','孕妈妈',NULL,NULL),(97,'2015-12-10 10:08:37','2015-12-14 06:03:48','徐京','1111111111111','18981922778','18981922778','王君','彭冰','2015-03-16 00:00:00','2015-12-23 00:00:00','2015-06-15 00:00:00','2016-01-14 00:00:00','',1,'黎斌','13880021808','成都市双流航空港饶华璐3段12号','38','孕妈妈',NULL,NULL),(98,'2015-12-10 10:33:45','2015-12-14 06:08:47','孙蕾','510104197611173764','13980823866','sunslxj','王君','姚强','2015-06-07 00:00:00','2016-03-10 00:00:00','2015-09-10 00:00:00','2016-04-09 00:00:00','',1,'肖进','13808059223','成都市高新区肖家河街道办事处','39','孕妈妈',NULL,NULL);
/*!40000 ALTER TABLE `customer` ENABLE KEYS */;
UNLOCK TABLES;

--
-- Table structure for table `record`
--

DROP TABLE IF EXISTS `record`;
/*!40101 SET @saved_cs_client     = @@character_set_client */;
/*!40101 SET character_set_client = utf8 */;
CREATE TABLE `record` (
  `id` bigint(32) unsigned NOT NULL AUTO_INCREMENT,
  `customer_id` bigint(32) unsigned NOT NULL,
  `user_id` bigint(32) unsigned DEFAULT '0',
  `create_time` timestamp NOT NULL DEFAULT CURRENT_TIMESTAMP,
  `update_time` timestamp NOT NULL DEFAULT CURRENT_TIMESTAMP,
  `servicename` varchar(32) DEFAULT '',
  `visit_date` datetime NOT NULL,
  `visit_time` varchar(32) DEFAULT '',
  `visit_type` varchar(1024) DEFAULT '',
  `order_success` tinyint(4) unsigned DEFAULT '0',
  `visit_doctor_name` varchar(32) DEFAULT '',
  `result` varchar(1024) DEFAULT '',
  `doctor_advise` varchar(1024) DEFAULT '',
  `remarks` varchar(1024) DEFAULT '',
  `verify` tinyint(4) unsigned DEFAULT '0',
  `visit_address` varchar(32) DEFAULT '',
  `status` tinyint(4) unsigned DEFAULT '0',
  `fzinfo` varchar(1024) DEFAULT '',
  `review_time` datetime DEFAULT NULL,
  `review_content` varchar(1024) DEFAULT '',
  PRIMARY KEY (`id`),
  KEY `customer_id` (`customer_id`)
) ENGINE=InnoDB AUTO_INCREMENT=469 DEFAULT CHARSET=utf8;
/*!40101 SET character_set_client = @saved_cs_client */;

--
-- Dumping data for table `record`
--

LOCK TABLES `record` WRITE;
/*!40000 ALTER TABLE `record` DISABLE KEYS */;
INSERT INTO `record` VALUES (1,6,6,'2015-12-01 06:27:36','2015-12-08 14:05:46','邱容','2015-11-23 00:00:00','09:00','[\"建卡全套\"]',1,'游泳','孕12+2 宫高8 腹围75 血压85/58\n体重52','瘢痕子宫 定期产检 4-6周复诊\n建卡全套','',1,'产科',1,'[]',NULL,''),(2,4,6,'2015-12-01 06:31:15','2015-12-08 14:05:35','邱容','2015-08-13 00:00:00','14:00','[\"建卡全套\"]',1,'彭冰','孕12+6 宫高9 腹围87 体重58公斤','建卡全套 4-5周复诊','',1,'产科',1,'[]',NULL,''),(3,4,6,'2015-12-01 06:32:48','2015-12-08 14:05:28','邱容','2015-08-21 00:00:00','14:00','[\"建卡全套\"]',1,'彭冰','看报告','预约羊穿 4周复诊','',1,'产科',1,'[]',NULL,''),(4,4,6,'2015-12-01 06:34:11','2015-12-08 14:05:18','邱容','2015-09-01 00:00:00','14:00','[\"就诊\"]',1,'彭冰','孕周15+4 宫高13 腹围89 血压114/68 体重60','5周复诊','',1,'产科',1,'[]',NULL,''),(5,4,6,'2015-12-01 06:35:58','2015-12-08 14:05:05','邱容','2015-10-13 00:00:00','14:00','[\"就诊\"]',1,'彭冰','孕周21+4  宫高19 腹围95 血压117/68 体重64','6周复诊','',1,'产科',1,'[]',NULL,''),(6,4,6,'2015-12-01 06:38:39','2015-12-07 12:55:53','邱容','2015-11-24 00:00:00','14:00','[\"就诊\"]',1,'彭冰','孕周27+4 宫高24 腹围97 血压117/77 体重65','4周复诊 GDM餐后血糖偏高 调整饮食 检测血糖','',1,'产科',1,'[]',NULL,''),(7,5,6,'2015-12-01 06:46:37','2015-12-08 14:05:41','邱容','2015-09-30 00:00:00','09:00','[\"建卡全套\"]',1,'游泳','孕周11+6 宫高6 腹围79 血压118/77 体重60','4周复诊 建卡全套 ','',1,'产科',1,'[]',NULL,''),(8,5,6,'2015-12-01 06:47:55','2015-12-08 14:04:56','邱容','2015-10-19 00:00:00','09:00','[\"就诊\"]',1,'游泳','孕周14+4 腹围14 宫高81 血压108/75 体重57','6周复诊','',1,'产科',1,'[]',NULL,''),(9,39,6,'2015-12-01 07:15:36','2015-12-09 07:27:11','邱容','2015-09-08 00:00:00','14:00','[\"建卡全套\"]',1,'姚强','孕12+2 宫高10 腹围86 血压121/53 体重53.5','建卡全套 4-5周复诊','',1,'产科',1,'[]',NULL,''),(10,39,6,'2015-12-01 07:17:52','2015-12-09 07:27:07','邱容','2015-10-15 00:00:00','14:00','[\"就诊\"]',1,'姚强','孕17+4周 宫高14 腹围91 血压125/78 体重56','预约羊水穿刺','',1,'产科',1,'[]',NULL,''),(11,39,6,'2015-12-01 07:19:38','2015-12-09 07:27:02','邱容','2015-11-17 00:00:00','14:00','[\"就诊\"]',1,'姚强','孕22+2 体重59.5 血压112/67 宫高20 腹围94 ',' 75克糖 胎儿心脏系统彩超','2015.12.1下午15:00未接回访电话两次 王君12.1',1,'产科',1,'[]',NULL,''),(12,13,6,'2015-12-01 07:39:13','2015-12-08 14:04:01','邱容','2015-07-06 00:00:00','14:00','[\"建卡全套\"]',1,'胡雅毅','孕11+6周 ','建卡全套','',1,'产科',1,'[]',NULL,''),(13,13,6,'2015-12-01 07:48:27','2015-12-08 14:04:50','邱容','2015-08-06 00:00:00','14:00','[\"就诊\"]',1,'胡雅毅','孕16+2周 宫高12 腹围78 血压117/75 体重49','补铁补钙多种维生素','',1,'产科',1,'[]',NULL,''),(14,13,6,'2015-12-01 07:50:35','2015-12-08 14:04:45','邱容','2015-09-10 00:00:00','14:00','[\"就诊\"]',1,'姚强','孕21+2 周 体重51 血压114/74 腹围79 宫高19','查75克糖 血尿常规','',1,'产科',1,'[]',NULL,''),(15,13,6,'2015-12-01 07:52:43','2015-12-08 14:04:35','邱容','2015-10-08 00:00:00','14:00','[\"就诊\"]',1,'胡雅毅','孕25+2周 体重51 血压114/74 宫高21 腹围81 ','B超 4周复诊胎儿略小遗传咨询','',1,'产科',1,'[]',NULL,''),(16,13,6,'2015-12-01 07:54:11','2015-12-08 14:04:23','邱容','2015-11-05 00:00:00','14:00','[\"就诊\"]',1,'胡雅毅','孕29+2 体重53 宫高26 腹围86 血压125/80','心电图 心脏彩超加彩超','',1,'产科',1,'[]',NULL,''),(17,13,6,'2015-12-01 07:55:35','2015-12-08 14:04:17','邱容','2015-11-26 00:00:00','14:00','[\"就诊\"]',1,'姚强','孕周32+2周 体重59 血压114/77 宫高30 腹围90','肝肾功 血尿常规','',1,'产科',1,'[]',NULL,''),(18,14,6,'2015-12-01 08:14:20','2015-12-08 14:04:17','邱容','2015-09-10 00:00:00','14:00','[\"建卡全套\"]',1,'姚强','孕12+3 体重58 腹围82 宫高7 血压104/62','定期产检 建卡全套','',1,'产科',1,'[]',NULL,''),(19,14,6,'2015-12-01 08:15:30','2015-12-08 14:04:01','邱容','2015-10-08 00:00:00','14:00','[\"就诊\"]',1,'姚强','孕16+3周 宫高13 腹围87 血压111/69 体重62.5','唐筛','',1,'产科',1,'[]',NULL,''),(20,14,6,'2015-12-01 08:16:32','2015-12-08 14:04:01','邱容','2015-10-15 00:00:00','14:00','[\"就诊\"]',1,'姚强','17+3周 看报告','','',1,'产科',1,'[]',NULL,''),(21,14,6,'2015-12-01 08:18:07','2015-12-07 12:54:32','邱容','2015-11-05 00:00:00','14:00','[\"就诊\"]',1,'姚强','孕周20+3 体重64 血压113/71 腹围88 宫高17 腹围88','75克糖，血尿常规','',1,'产科',1,'[]',NULL,''),(22,5,6,'2015-12-01 06:52:07','2015-12-02 06:52:07','邱容','2016-01-11 23:59:59','09:30','[\"就诊\"]',1,'游泳','','','上午游泳15号',0,'产科',0,'[]',NULL,''),(23,12,6,'2015-12-01 07:21:16','2015-12-02 07:21:16','邱容','2015-12-22 23:59:59','14:30','[\"就诊\"]',1,'姚强','','','下午姚强39号',0,'产科',0,'[]',NULL,''),(24,13,3,'2015-12-01 07:56:27','2015-12-13 11:13:39','余润悦','2015-12-10 00:00:00','15:00','[\"就诊\"]',1,'胡雅毅','孕周34+2，体重60.5kg，血压118/79，腹围94cm，宫高32cm，','数胎动，B超','下午68号',1,'产科',1,'[{\"next_visit_date\":\"2015-12-17\",\"next_visit_time\":\"09:30\",\"next_order_success\":1,\"next_visit_doctor_name\":\"\",\"next_visit_type\":\"[\\\"胎监\\\",\\\"腹部彩超\\\"]\",\"next_visit_address\":\"\",\"next_visit_remarks\":\"\"},{\"next_visit_date\":\"2015-12-24\",\"next_visit_time\":\"15:30\",\"next_order_success\":1,\"next_visit_doctor_name\":\"胡雅毅\",\"next_visit_type\":\"[\\\"复诊\\\",\\\"胎监\\\",\\\"脐血流\\\"]\",\"next_visit_address\":\"\",\"next_visit_remarks\":\"下午加号\"}]',NULL,''),(25,14,3,'2015-12-01 08:18:50','2015-12-10 12:26:28','邱容','2015-12-10 00:00:00','15:00','[\"就诊\"]',1,'姚强','孕周25+3周，体重68KG，血压111/74Kpa，腹围93Cm，宫高19Cm，胎心150，','五周复查','下午32号',1,'产科',1,'[{\"next_visit_date\":\"2016-01-14\",\"next_visit_time\":\"15:00\",\"next_order_success\":1,\"next_visit_doctor_name\":\"姚强\",\"next_visit_type\":\"[\\\"复诊\\\",\\\"小便常规\\\"]\",\"next_visit_address\":\"产科\",\"next_visit_remarks\":\"下午27号\"}]',NULL,''),(26,2,6,'2015-12-07 06:55:22','2015-12-08 14:04:01','邱容','2015-06-12 00:00:00','08:30','[\"建卡全套\"]',1,'廖华','今日客户来院就诊，做了建卡全套NT彩超，早唐','预约胎儿心脏系统彩超，四周复诊看结果','',1,'产科',1,'[]',NULL,''),(27,2,6,'2015-12-07 06:56:26','2015-12-08 14:03:44','陈淘','2015-06-17 00:00:00','09:00','[\"就诊\"]',1,'张力','今日客户就诊：血压100/74  腹围73 宫高9 体重44','补维生素 做中唐和尿常规','',1,'产科',1,'[]',NULL,''),(28,2,6,'2015-12-07 07:20:58','2015-12-08 14:03:39','邱容','2015-07-15 00:00:00','09:00','[\"复诊\"]',1,'张力','今日客户来院就诊，医生为其测血压99/53 腹围79 宫高15 体重46','','',1,'产科',1,'[]',NULL,''),(29,2,9,'2015-12-07 07:27:39','2015-12-08 14:03:26','陈淘','2015-08-26 00:00:00','09:00','[\"复诊\"]',1,'张力','体重48公斤，血压94/67，腹围83CM，宫高19CM','','',1,'产科',1,'[]',NULL,''),(30,3,6,'2015-12-07 07:30:17','2015-12-08 14:03:33','陈淘','2015-11-19 00:00:00','09:00','[\"就诊\"]',1,'吕斌','今日客户来院就诊，医生为其测血压117/73 腹围81 宫高6 体重54','四周复诊 建卡全套  维生素','',1,'产科',1,'[{\"next_visit_date\":\"2015-12-10\",\"next_visit_time\":\"14:30\",\"next_order_success\":1,\"next_visit_doctor_name\":\"彭冰\",\"next_visit_type\":\"[\\\"复诊\\\"]\",\"next_visit_address\":\"\",\"next_visit_remarks\":\"\"}]',NULL,''),(31,2,9,'2015-12-07 07:43:50','2015-12-08 14:03:22','陈淘','2015-09-23 00:00:00','09:00','[\"复诊\"]',1,'张力','孕周27+1，体重48.5KG,血压110/68，腹围85CM,宫高24CM.','','',1,'产科',1,'[]',NULL,''),(32,78,6,'2015-12-07 07:47:41','2015-12-08 14:03:16','邱容','2015-10-08 00:00:00','09:00','[\"NT彩超\"]',1,'姚强','NT彩超：宫内胎儿顶臀长6.49 NT0.9 羊水2.8 宫内单活胎 孕妇右附件区囊性占位','','',1,'产科',1,'[]',NULL,''),(33,2,9,'2015-12-07 07:48:53','2015-12-08 14:03:05','陈淘','2015-10-03 00:00:00','07:00','[\"复诊\"]',1,'张力','孕周28+4，体重48.5KG,血压103/70，腹围85CM,宫高27CM.','','',1,'产科',1,'[]',NULL,''),(34,78,6,'2015-12-07 07:51:32','2015-12-08 14:03:12','邱容','2015-11-05 00:00:00','09:00','[\"复诊\"]',1,'姚强','孕周17+2 体重55 血压116/74 宫高10 腹围86 ','','',1,'产科',1,'[]',NULL,''),(35,78,6,'2015-12-07 07:53:10','2015-12-07 12:53:24','陈淘','2015-12-03 00:00:00','14:00','[\"复诊\"]',1,'姚强','孕周21+2 宫高15 腹围86 血压106/76 体重56.5','','',1,'产科',1,'[{\"next_visit_date\":\"2015-12-22\",\"next_visit_time\":\"14:30\",\"next_order_success\":1,\"next_visit_doctor_name\":\"\",\"next_visit_type\":\"[\\\"75G糖\\\",\\\"胎儿心脏彩超\\\",\\\"胎儿系统彩超\\\"]\",\"next_visit_address\":\"\",\"next_visit_remarks\":\"\"},{\"next_visit_date\":\"2016-01-07\",\"next_visit_time\":\"07:00\",\"next_order_success\":1,\"next_visit_doctor_name\":\"姚强\",\"next_visit_type\":\"[\\\"复诊\\\"]\",\"next_visit_address\":\"\",\"next_visit_remarks\":\"下午就诊号16号\"}]',NULL,''),(36,2,9,'2015-12-07 07:56:15','2015-12-08 14:03:01','陈淘','2015-11-11 00:00:00','09:00','[\"复诊\"]',1,'张力','孕周34+1，体重50.5KG,血压88/60，腹围91CM,宫高28CM.','','',1,'',1,'[]',NULL,''),(37,2,9,'2015-12-07 08:00:33','2015-12-08 14:02:56','陈淘','2015-10-21 00:00:00','09:00','[\"复诊\"]',1,'张力','孕周31+1,体重49.5KG,血压94/63，腹围88CM,宫高28CM.','','',1,'产科',1,'[]',NULL,''),(38,2,9,'2015-12-07 08:06:17','2015-12-08 14:02:51','陈淘','2015-11-25 00:00:00','09:00','[\"胎监\"]',1,'张力','孕周36+1，体重51KG,血压99/72，腹围91CM,宫高30CM。','','',1,'产科',1,'[]',NULL,''),(39,61,6,'2015-12-07 08:08:26','2015-12-07 12:52:37','陈淘','2015-11-09 00:00:00','09:00','[\"建卡全套\"]',1,'胡雅毅','今日客户来院就诊，医生为其测血压106/77 腹围72','','',1,'产科',1,'[{\"next_visit_date\":\"2015-12-15\",\"next_visit_time\":\"07:00\",\"next_order_success\":1,\"next_visit_doctor_name\":\"胡雅毅\",\"next_visit_type\":\"[\\\"复诊\\\"]\",\"next_visit_address\":\"\",\"next_visit_remarks\":\"下午21号\"},{\"next_visit_date\":\"2016-02-03\",\"next_visit_time\":\"07:00\",\"next_order_success\":1,\"next_visit_doctor_name\":\"\",\"next_visit_type\":\"[\\\"胎儿心脏彩超\\\",\\\"胎儿系统彩超\\\"]\",\"next_visit_address\":\"\",\"next_visit_remarks\":\"\"}]',NULL,''),(40,2,9,'2015-12-07 08:15:59','2015-12-07 12:52:01','陈淘','2015-12-02 00:00:00','09:00','[\"复诊\"]',1,'张力','孕周37+1，体重51.5KG,血压101/67，腹围93CM ,宫高33CM。','','',1,'产科',1,'[{\"next_visit_date\":\"2015-12-09\",\"next_visit_time\":\"09:00\",\"next_order_success\":0,\"next_visit_doctor_name\":\"张力\",\"next_visit_type\":\"[\\\"腹部彩超\\\"]\",\"next_visit_address\":\"\",\"next_visit_remarks\":\"加号\"}]',NULL,''),(41,17,6,'2015-12-07 08:20:45','2015-12-07 12:51:05','陈淘','2015-11-05 00:00:00','09:00','[\"建卡全套\"]',1,'唐林','身高162cm   孕前体重60kG   建卡体重60kG','建卡全套','',1,'产科',1,'[{\"next_visit_date\":\"2015-12-22\",\"next_visit_time\":\"15:00\",\"next_order_success\":1,\"next_visit_doctor_name\":\"张力\",\"next_visit_type\":\"[\\\"复诊\\\"]\",\"next_visit_address\":\"二诊室\",\"next_visit_remarks\":\"下午16号\"}]',NULL,''),(42,17,6,'2015-12-07 12:51:05','2015-12-07 12:51:06','','2015-12-22 23:59:59','15:00','[\"复诊\"]',1,'张力','','','下午16号',0,'二诊室',0,'',NULL,''),(43,2,9,'2015-12-07 12:52:01','2015-12-09 07:25:29','李瑞雪','2015-12-09 00:00:00','09:30','[\"复诊\",\"胎监\",\"脐血流\",\"腹部彩超\"]',0,'张力','孕周38+1，体重52.5KG,血压95/64，腹围93CM,宫高32CM,','','加号',1,'',1,'[{\"next_visit_date\":\"2015-12-16\",\"next_visit_time\":\"09:30\",\"next_order_success\":1,\"next_visit_doctor_name\":\"张力\",\"next_visit_type\":\"[\\\"胎监\\\",\\\"脐血流\\\",\\\"腹部彩超\\\"]\",\"next_visit_address\":\"\",\"next_visit_remarks\":\"加号\"}]',NULL,''),(44,61,6,'2015-12-07 12:52:37','2015-12-07 12:52:38','','2015-12-15 23:59:59','07:00','[\"复诊\"]',1,'胡雅毅','','','下午21号',0,'',0,'',NULL,''),(45,61,6,'2015-12-07 12:52:37','2015-12-07 12:52:39','','2016-02-03 23:59:59','07:00','[\"胎儿心脏彩超\",\"胎儿系统彩超\"]',1,'','','','',0,'',0,'',NULL,''),(46,78,6,'2015-12-07 12:53:24','2015-12-07 12:53:25','','2015-12-22 23:59:59','14:30','[\"75G糖\",\"胎儿心脏彩超\",\"胎儿系统彩超\"]',1,'','','','',0,'',0,'',NULL,''),(47,78,6,'2015-12-07 12:53:24','2015-12-07 12:53:26','','2016-01-07 23:59:59','07:00','[\"复诊\"]',1,'姚强','','','下午就诊号16号',0,'',0,'',NULL,''),(48,18,6,'2015-12-08 04:32:14','2015-12-08 14:02:47','陈淘','2015-09-30 00:00:00','08:30','[\"建卡全套\"]',1,'游泳','孕周12+4 体重60 血压124/89 腹围87 宫高6','羊水穿刺，四周复诊  爱乐维一天一片','NT彩超',1,'产科',1,'[]',NULL,''),(49,18,6,'2015-12-08 04:35:31','2015-12-08 14:02:35','邱容','2015-10-19 00:00:00','08:30','[\"复诊\"]',1,'游泳','孕周15+2 体重62.5 血压143/103 腹围88 宫高13','6周复诊+异常随时急诊','',1,'产科',1,'[]',NULL,''),(50,18,6,'2015-12-08 04:37:38','2015-12-08 04:41:36','陈淘','2015-11-30 00:00:00','09:00','[\"复诊\"]',1,'游泳','孕周21+2 血压145/99 腹围95 宫高23 ','5周复诊','',1,'产科',1,'[{\"next_visit_date\":\"2015-12-30\",\"next_visit_time\":\"07:00\",\"next_order_success\":1,\"next_visit_doctor_name\":\"\",\"next_visit_type\":\"[\\\"75G糖\\\"]\",\"next_visit_address\":\"抽血窗口\",\"next_visit_remarks\":\"\"},{\"next_visit_date\":\"2016-01-04\",\"next_visit_time\":\"07:00\",\"next_order_success\":1,\"next_visit_doctor_name\":\"游泳\",\"next_visit_type\":\"[\\\"复诊\\\"]\",\"next_visit_address\":\"二楼\",\"next_visit_remarks\":\"上午22号\"}]',NULL,''),(51,18,6,'2015-12-08 04:41:36','2015-12-08 04:41:37','','2015-12-30 23:59:59','07:00','[\"75G糖\"]',1,'','','','',0,'抽血窗口',0,'',NULL,''),(52,18,6,'2015-12-08 04:41:36','2015-12-08 04:41:38','','2016-01-04 23:59:59','07:00','[\"复诊\"]',1,'游泳','','','上午22号',0,'二楼',0,'',NULL,''),(53,19,6,'2015-12-08 04:49:26','2015-12-08 14:02:28','邱容','2015-08-26 00:00:00','14:00','[\"就诊\"]',1,'周蓉','体重50 孕周16（核实）腹围70 宫高14 血压105/68','预约胎儿心脏系统彩超 四周复诊','',1,'产科',1,'[]',NULL,''),(54,19,6,'2015-12-08 04:51:12','2015-12-08 14:02:24','陈淘','2015-09-23 00:00:00','14:30','[\"复诊\"]',1,'周容','孕周20体重49 血压103/68  腹围73宫高13','预约75克糖','',1,'产科',1,'[]',NULL,''),(55,10,9,'2015-12-08 04:51:30','2015-12-09 07:26:56','邱容','2015-09-08 00:00:00','07:00','[\"建卡全套\"]',1,'蔡林芮','','','',1,'产科',1,'[]',NULL,''),(56,19,6,'2015-12-08 04:53:07','2015-12-08 14:02:18','李瑞雪','2015-10-21 00:00:00','14:30','[\"复诊\"]',1,'周容','孕周24 体重54.5 血压93/61腹围81 宫高21','','',1,'产科',1,'[]',NULL,''),(57,10,9,'2015-12-08 04:53:20','2015-12-08 14:01:46','陈淘','2015-09-28 00:00:00','07:00','[\"复诊\"]',1,'游泳','孕周15+5,体重55KG,血压105/70，腹围81CM，宫高14CM。','','',1,'产科',1,'[{\"next_visit_date\":\"2015-11-09\",\"next_visit_time\":\"07:00\",\"next_order_success\":1,\"next_visit_doctor_name\":\"游泳\",\"next_visit_type\":\"[\\\"小便常规\\\"]\",\"next_visit_address\":\"\",\"next_visit_remarks\":\"\"},{\"next_visit_date\":\"2015-11-30\",\"next_visit_time\":\"07:00\",\"next_order_success\":1,\"next_visit_doctor_name\":\"\",\"next_visit_type\":\"[\\\"胎儿心脏彩超\\\",\\\"胎儿系统彩超\\\"]\",\"next_visit_address\":\"\",\"next_visit_remarks\":\"\"}]',NULL,''),(58,19,6,'2015-12-08 04:54:44','2015-12-08 14:01:39','李瑞雪','2015-11-18 00:00:00','14:30','[\"复诊\"]',1,'周容','孕周28 体重59.5 血压105/64 腹围86 宫高26 ','二周复诊','',1,'产科',1,'[{\"next_visit_date\":\"2015-12-16\",\"next_visit_time\":\"07:00\",\"next_order_success\":0,\"next_visit_doctor_name\":\"周容\",\"next_visit_type\":\"[\\\"复诊\\\"]\",\"next_visit_address\":\"\",\"next_visit_remarks\":\"\"}]',NULL,''),(59,19,6,'2015-12-08 04:56:15','2015-12-08 05:03:57','余澜悦','2015-12-02 00:00:00','15:30','[\"复诊\"]',1,'周容','孕周30 体重61.5 血压118/66 腹围90 宫高28','','',1,'产科',1,'[{\"next_visit_date\":\"2015-12-16\",\"next_visit_time\":\"07:00\",\"next_order_success\":1,\"next_visit_doctor_name\":\"\",\"next_visit_type\":\"[\\\"肝功\\\"]\",\"next_visit_address\":\"\",\"next_visit_remarks\":\"\"}]',NULL,''),(60,19,6,'2015-12-08 05:03:57','2015-12-08 05:03:58','','2015-12-16 23:59:59','07:00','[\"肝功\"]',1,'','','','',0,'',0,'',NULL,''),(61,10,9,'2015-12-08 05:04:26','2015-12-08 14:01:35','陈淘','2015-11-09 00:00:00','07:00','[\"复诊\"]',1,'游泳','孕周21+5，体重57.5KG,血压123/79，腹围83CM，宫高20CM。','','',1,'产科',1,'[{\"next_visit_date\":\"2015-12-11\",\"next_visit_time\":\"07:00\",\"next_order_success\":1,\"next_visit_doctor_name\":\"\",\"next_visit_type\":\"[\\\"75G糖\\\"]\",\"next_visit_address\":\"\",\"next_visit_remarks\":\"\"}]',NULL,''),(62,20,6,'2015-12-08 05:12:54','2015-12-08 14:01:30','邱容','2015-08-27 00:00:00','14:00','[\"就诊\"]',1,'胡雅毅','孕周13+2 体重58 腹围82 宫高10','','',1,'产科',1,'[{\"next_visit_date\":\"2015-09-24\",\"next_visit_time\":\"07:00\",\"next_order_success\":1,\"next_visit_doctor_name\":\"胡雅毅\",\"next_visit_type\":\"[\\\"复诊\\\"]\",\"next_visit_address\":\"\",\"next_visit_remarks\":\"\"}]',NULL,''),(63,10,9,'2015-12-08 05:13:22','2015-12-08 05:13:22','','2015-12-14 23:59:59','07:00','[\"复诊\"]',1,'游泳','','','上午26号',0,'产科',0,'',NULL,''),(64,20,6,'2015-12-08 05:15:52','2015-12-08 14:01:26','邱容','2015-09-24 00:00:00','14:30','[\"复诊\"]',1,'胡雅毅','孕周17+2 体重61 血压84/63 腹围82 宫高15','补铁补钙','',1,'产科',1,'[]',NULL,''),(65,20,6,'2015-12-08 05:17:16','2015-12-08 14:01:20','陈淘','2015-10-29 00:00:00','14:30','[\"复诊\"]',1,'胡雅毅','孕周22+2 体重63.5 腹围90 宫高20','','',1,'产科',1,'[]',NULL,''),(66,20,6,'2015-12-08 05:18:19','2015-12-08 05:20:32','李瑞雪','2015-12-01 00:00:00','14:30','[\"复诊\"]',1,'胡雅毅','孕周27 体重69 腹围95 宫高25 血压100/70','营养门诊听课 复查甲功','',1,'产科',1,'[{\"next_visit_date\":\"2015-12-22\",\"next_visit_time\":\"07:00\",\"next_order_success\":1,\"next_visit_doctor_name\":\"胡雅毅\",\"next_visit_type\":\"[\\\"复诊\\\"]\",\"next_visit_address\":\"\",\"next_visit_remarks\":\"下午40号\"}]',NULL,''),(67,8,9,'2015-12-08 05:19:31','2015-12-08 14:01:14','邱容','2015-08-04 00:00:00','09:00','[\"建卡全套\"]',1,'王晓东','NT估计孕周约12周+3天，预产期2016年2月14日。','','',1,'产科',1,'[{\"next_visit_date\":\"2015-09-08\",\"next_visit_time\":\"07:00\",\"next_order_success\":1,\"next_visit_doctor_name\":\"王晓东\",\"next_visit_type\":\"[\\\"复诊\\\"]\",\"next_visit_address\":\"二楼产科\",\"next_visit_remarks\":\"\"}]',NULL,''),(68,20,6,'2015-12-08 05:20:32','2015-12-08 05:20:33','','2015-12-22 23:59:59','07:00','[\"复诊\"]',1,'胡雅毅','','','下午40号',0,'',0,'',NULL,''),(69,8,9,'2015-12-08 05:20:36','2015-12-08 14:01:06','邱容','2015-09-08 00:00:00','09:00','[\"复诊\"]',1,'王晓东','孕周17+6，体重47KG,血压104/74，腹围72CM,宫高15CM。','','',1,'产科',1,'[{\"next_visit_date\":\"2015-10-08\",\"next_visit_time\":\"07:00\",\"next_order_success\":1,\"next_visit_doctor_name\":\"王晓东\",\"next_visit_type\":\"[\\\"复诊\\\"]\",\"next_visit_address\":\"\",\"next_visit_remarks\":\"\"},{\"next_visit_date\":\"2015-10-08\",\"next_visit_time\":\"07:00\",\"next_order_success\":1,\"next_visit_doctor_name\":\"王晓东\",\"next_visit_type\":\"[\\\"复诊\\\"]\",\"next_visit_address\":\"二楼产科\",\"next_visit_remarks\":\"\"},{\"next_visit_date\":\"2015-11-05\",\"next_visit_time\":\"07:00\",\"next_order_success\":1,\"next_visit_doctor_name\":\"王晓东\",\"next_visit_type\":\"[\\\"复诊\\\"]\",\"next_visit_address\":\"产科\",\"next_visit_remarks\":\"\"}]',NULL,''),(70,8,9,'2015-12-08 05:21:27','2015-12-08 05:53:08','余澜悦','2015-11-05 00:00:00','09:00','[\"复诊\"]',1,'王晓东','孕周25+4，体重55CM,血压111/75，腹围81CM,宫高21CM 。','','',1,'产科',1,'[{\"next_visit_date\":\"2015-12-10\",\"next_visit_time\":\"09:00\",\"next_order_success\":1,\"next_visit_doctor_name\":\"王晓东\",\"next_visit_type\":\"[\\\"复诊\\\"]\",\"next_visit_address\":\"产科\",\"next_visit_remarks\":\"上午17号\"}]',NULL,''),(72,21,6,'2015-12-08 05:28:06','2015-12-08 14:01:01','邱容','2015-10-27 00:00:00','14:00','[\"就诊\"]',1,'姚强','孕周16   体重46 腹围68 血压109/61 宫高11 ','','',1,'产科',1,'[]',NULL,''),(73,21,6,'2015-12-08 05:46:17','2015-12-08 05:49:17','邱容','2015-11-26 00:00:00','14:30','[\"复诊\"]',1,'姚强','孕周20+2 腹围72 宫高14 血压90/56 ','','',1,'产科',1,'[{\"next_visit_date\":\"2015-12-31\",\"next_visit_time\":\"14:30\",\"next_order_success\":1,\"next_visit_doctor_name\":\"姚强\",\"next_visit_type\":\"[\\\"复诊\\\"]\",\"next_visit_address\":\"\",\"next_visit_remarks\":\"下午42号 小便常规\"}]',NULL,''),(74,21,6,'2015-12-08 05:49:17','2015-12-08 05:49:18','','2015-12-31 23:59:59','14:30','[\"复诊\"]',1,'姚强','','','下午42号 小便常规',0,'',0,'',NULL,''),(75,8,3,'2015-12-08 05:53:08','2015-12-10 05:11:02','陈淘','2015-12-10 00:00:00','09:00','[\"复诊\"]',1,'余海燕','孕周30+4，体重58kg，血压122/85，腹围89cm，宫高27cm，','两周复查，彩超胎监','上午17号',1,'产科',1,'[{\"next_visit_date\":\"2015-12-24\",\"next_visit_time\":\"10:00\",\"next_order_success\":1,\"next_visit_doctor_name\":\"王晓东\",\"next_visit_type\":\"[\\\"胎监\\\",\\\"腹部彩超\\\"]\",\"next_visit_address\":\"\",\"next_visit_remarks\":\"上午加号\"}]',NULL,''),(77,7,9,'2015-12-08 05:58:51','2015-12-09 07:27:20','陈淘','2015-10-15 00:00:00','09:00','[\"建卡全套\"]',1,'陈洪琴','','','',1,'产科',1,'[]',NULL,''),(78,7,9,'2015-12-08 06:02:00','2015-12-09 07:27:16','陈淘','2015-11-04 00:00:00','09:00','[\"唐氏筛查中\"]',0,'','','','',1,'',1,'[]',NULL,''),(79,7,9,'2015-12-08 06:03:11','2015-12-08 06:09:27','余澜悦','2015-11-19 00:00:00','09:00','[\"就诊\"]',1,'姚强','孕周18+5，体重59.5KG,血压112/71，宫高13CM,腹围84CM.','','',1,'产科',1,'[{\"next_visit_date\":\"2015-12-17\",\"next_visit_time\":\"07:00\",\"next_order_success\":0,\"next_visit_doctor_name\":\"姚强\",\"next_visit_type\":\"[\\\"复诊\\\"]\",\"next_visit_address\":\"产科\",\"next_visit_remarks\":\"加号\"}]',NULL,''),(80,22,6,'2015-12-08 06:07:52','2015-12-08 14:00:34','邱容','2015-06-29 00:00:00','09:00','[\"建卡全套\"]',1,'游泳','孕周13+2 体重59.5 血压106/68 腹围88 宫高10','预约胎儿心脏系统彩超 中期唐筛','',1,'产科',1,'[]',NULL,''),(82,7,9,'2015-12-08 06:10:15','2015-12-08 06:13:11','','2015-12-17 23:59:59','14:30','[\"复诊\"]',0,'姚强','','','加号',0,'',0,'',NULL,''),(83,22,6,'2015-12-08 06:12:23','2015-12-08 14:00:30','邱容','2015-07-23 00:00:00','09:30','[\"复诊\"]',1,'游泳','孕周16+5 体重61.5 血压106/77 腹围86 宫高15','','',1,'',1,'[]',NULL,''),(84,22,6,'2015-12-08 06:13:29','2015-12-08 14:00:25','邱容','2015-08-10 00:00:00','09:30','[\"复诊\"]',1,'游泳','孕周19+2 体重62 腹围88 宫高16 血压107/75 ','客户要求无创不做羊穿客户已在建卡本上签字','',1,'产科',1,'[]',NULL,''),(85,22,6,'2015-12-08 06:15:17','2015-12-08 14:00:18','邱容','2015-09-08 00:00:00','09:30','[\"复诊\"]',1,'游泳','孕周23+3 体重66 血压102/69 腹围95 宫高21','','',1,'产科',1,'[]',NULL,''),(86,22,6,'2015-12-08 06:16:19','2015-12-08 14:00:12','邱容','2015-09-21 00:00:00','09:30','[\"复诊\"]',1,'游泳','孕周25+2 体重65 血压95/69 腹围97 宫高22','预约彩超','',1,'产科',1,'[]',NULL,''),(87,22,6,'2015-12-08 06:17:37','2015-12-08 14:00:04','邱容','2015-10-26 00:00:00','09:30','[\"复诊\"]',1,'游泳','孕周30+2 体重69 腹围102 宫高28 血压119/78 ','3周复诊','',1,'产科',1,'[]',NULL,''),(88,22,6,'2015-12-08 06:18:56','2015-12-08 13:59:57','邱容','2015-11-16 00:00:00','09:30','[\"复诊\"]',1,'游泳','孕周33+2 体重70 血压110/84 腹围103 宫高30 ','3周复诊','',1,'产科',1,'[]',NULL,''),(89,22,6,'2015-12-08 06:20:08','2015-12-08 06:22:13','邱容','2015-12-07 00:00:00','09:30','[\"复诊\"]',1,'游泳','孕周36+2 腹围106 宫高32 体重70 血压106/77','一周复诊做胎监','',1,'产科',1,'[{\"next_visit_date\":\"2015-12-14\",\"next_visit_time\":\"07:00\",\"next_order_success\":0,\"next_visit_doctor_name\":\"游泳\",\"next_visit_type\":\"[\\\"复诊\\\"]\",\"next_visit_address\":\"\",\"next_visit_remarks\":\"胎监脐血流 加号\"}]',NULL,''),(90,22,13,'2015-12-08 06:22:13','2015-12-14 04:52:15','余润悦','2015-12-14 00:00:00','07:00','[\"复诊\",\"胎监\",\"脐血流\",\"小便常规\"]',0,'游泳','','一周复查','胎监脐血流 加号',0,'',1,'[{\"next_visit_date\":\"2015-12-21\",\"next_visit_time\":\"10:00\",\"next_order_success\":0,\"next_visit_doctor_name\":\"游泳\",\"next_visit_type\":\"[\\\"腹部彩超\\\"]\",\"next_visit_address\":\"\",\"next_visit_remarks\":\"B超当天排，加号\"}]',NULL,''),(92,24,6,'2015-12-08 06:37:35','2015-12-08 06:37:35','','2015-11-17 23:59:59','09:30','[\"就诊\"]',1,'张力','','','',0,'产科',0,'',NULL,''),(93,24,6,'2015-12-08 06:45:20','2015-12-08 13:59:53','陈淘','2015-10-27 00:00:00','09:00','[\"就诊\"]',1,'张力','孕周9+5 体重50.5 腹围79 血压104/69','','',1,'产科',1,'[]',NULL,''),(94,24,6,'2015-12-08 06:46:17','2015-12-08 06:49:53','陈淘','2015-11-17 00:00:00','14:00','[\"就诊\"]',1,'张力','孕周12+5 体重54 血压97/66 看报告','','',1,'产科',1,'[{\"next_visit_date\":\"2015-12-29\",\"next_visit_time\":\"14:30\",\"next_order_success\":1,\"next_visit_doctor_name\":\"张力\",\"next_visit_type\":\"[\\\"复诊\\\"]\",\"next_visit_address\":\"\",\"next_visit_remarks\":\"\"},{\"next_visit_date\":\"2015-12-11\",\"next_visit_time\":\"10:00\",\"next_order_success\":1,\"next_visit_doctor_name\":\"\",\"next_visit_type\":\"[\\\"唐氏筛查中\\\"]\",\"next_visit_address\":\"\",\"next_visit_remarks\":\"\"}]',NULL,''),(95,24,6,'2015-12-08 06:49:53','2015-12-08 06:49:54','','2015-12-29 23:59:59','14:30','[\"复诊\"]',1,'张力','','','',0,'',0,'',NULL,''),(96,24,9,'2015-12-08 06:49:53','2015-12-13 11:10:53','陈淘','2015-12-11 00:00:00','10:00','[\"唐氏筛查中\"]',1,'','','','',1,'',1,'[{\"next_visit_date\":\"2016-02-02\",\"next_visit_time\":\"07:00\",\"next_order_success\":1,\"next_visit_doctor_name\":\"\",\"next_visit_type\":\"[\\\"胎儿心脏彩超\\\",\\\"胎儿系统彩超\\\"]\",\"next_visit_address\":\"\",\"next_visit_remarks\":\"\"}]',NULL,''),(97,25,6,'2015-12-08 06:54:17','2015-12-08 13:59:49','陈淘','2015-10-27 00:00:00','09:00','[\"建卡全套\"]',1,'姚强','孕周11+6 腹围67 血压123/85','','',1,'产科',1,'[]',NULL,''),(98,25,6,'2015-12-08 06:55:31','2015-12-08 07:05:09','陈淘','2015-11-26 00:00:00','14:30','[\"复诊\"]',1,'姚强','孕周16+1 体重55 血压109/68 宫高10 腹围79 ','唐筛 ','客户要求做羊穿',1,'产科',1,'[{\"next_visit_date\":\"2015-12-14\",\"next_visit_time\":\"09:00\",\"next_order_success\":1,\"next_visit_doctor_name\":\"\",\"next_visit_type\":\"[\\\"血常规\\\"]\",\"next_visit_address\":\"\",\"next_visit_remarks\":\"\"},{\"next_visit_date\":\"2015-12-15\",\"next_visit_time\":\"08:30\",\"next_order_success\":1,\"next_visit_doctor_name\":\"\",\"next_visit_type\":\"[\\\"羊水穿刺\\\"]\",\"next_visit_address\":\"\",\"next_visit_remarks\":\"\"},{\"next_visit_date\":\"2015-12-24\",\"next_visit_time\":\"16:00\",\"next_order_success\":0,\"next_visit_doctor_name\":\"姚强\",\"next_visit_type\":\"[\\\"复诊\\\"]\",\"next_visit_address\":\"\",\"next_visit_remarks\":\"\"}]',NULL,''),(99,25,13,'2015-12-08 07:05:09','2015-12-14 04:48:05','吕环宇','2015-12-14 00:00:00','09:00','[\"凝血功能\",\"血常规\",\"腹部彩超\"]',1,'','','','',0,'',1,'[]','2015-12-14 12:52:45','\n羊穿前检查：B超 胎位ROA 双顶径4.5 骨股长3.0 羊水5.0 宫内单活胎； 血常规 白细胞计数5.8 红细胞计数3.36 血红蛋白109 血小板计数129；凝血功能结果正常'),(100,25,6,'2015-12-08 07:05:09','2015-12-08 07:05:11','','2015-12-15 23:59:59','08:30','[\"羊水穿刺\"]',1,'','','','',0,'',0,'',NULL,''),(101,25,6,'2015-12-08 07:05:09','2015-12-08 07:05:12','','2015-12-24 23:59:59','16:00','[\"复诊\"]',0,'姚强','','','',0,'',0,'',NULL,''),(102,26,6,'2015-12-08 07:22:46','2015-12-08 13:59:44','陈淘','2015-08-19 00:00:00','09:00','[\"建卡全套\"]',1,'游泳','孕周11+4 体重50 腹围74 宫高7','预约羊水穿刺，建卡全套NT彩超','',1,'产科',1,'[]',NULL,''),(103,26,6,'2015-12-08 07:24:27','2015-12-08 13:59:39','陈淘','2015-09-30 00:00:00','09:00','[\"复诊\"]',1,'游泳','孕周17+4 体重62.5 血压117/84 腹围81 宫高17','6周复诊','',1,'产科',1,'[]',NULL,''),(104,26,6,'2015-12-08 07:25:52','2015-12-08 07:49:30','陈淘','2015-11-11 00:00:00','09:00','[\"复诊\"]',1,'游泳','孕周23+4 体重57 血压120/88 腹围87 宫高20','','',1,'产科',1,'[{\"next_visit_date\":\"2015-12-09\",\"next_visit_time\":\"07:00\",\"next_order_success\":1,\"next_visit_doctor_name\":\"游泳\",\"next_visit_type\":\"[\\\"复诊\\\"]\",\"next_visit_address\":\"\",\"next_visit_remarks\":\"\"}]',NULL,''),(105,26,9,'2015-12-08 07:49:30','2015-12-09 07:25:15','余澜悦','2015-12-09 00:00:00','09:30','[\"复诊\"]',1,'游泳','孕周27+4，体重58KG,血压127/88，腹围92CM,宫高26CM,','建议营养门诊','',1,'',1,'[{\"next_visit_date\":\"2015-12-30\",\"next_visit_time\":\"07:00\",\"next_order_success\":1,\"next_visit_doctor_name\":\"游泳\",\"next_visit_type\":\"[\\\"复诊\\\",\\\"心电图\\\",\\\"腹部彩超\\\"]\",\"next_visit_address\":\"\",\"next_visit_remarks\":\"上午21号\"}]',NULL,''),(106,27,6,'2015-12-08 08:01:23','2015-12-08 13:57:16','邱容','2015-07-29 00:00:00','14:00','[\"就诊\"]',1,'周容','孕周15+3 体重49 血压122/86 宫高11 腹围76','预约胎儿心脏系统','',1,'产科',1,'[]',NULL,''),(107,27,6,'2015-12-08 08:03:05','2015-12-08 13:57:12','邱容','2015-08-26 00:00:00','14:00','[\"就诊\"]',1,'周容','孕周19+3 核实（18+3） 体重51.5 血压120/75 腹围79 宫高16','四周复诊','',1,'产科',1,'[]',NULL,''),(108,27,6,'2015-12-08 08:04:52','2015-12-08 13:57:08','陈淘','2015-09-23 00:00:00','15:30','[\"复诊\"]',1,'周容','孕周22+3 体重55 血压107/75 腹围85 宫高19 ','四周复诊','',1,'产科',1,'[]',NULL,''),(109,27,6,'2015-12-08 08:06:26','2015-12-08 13:56:59','陈淘','2015-10-21 00:00:00','09:00','[\"复诊\"]',1,'周容','孕周26+3 体重58 血压106/65  腹围87 宫高23','二周复诊','',1,'产科',1,'[]',NULL,''),(110,27,6,'2015-12-08 08:07:54','2015-12-08 13:56:50','陈淘','2015-11-04 00:00:00','15:30','[\"复诊\"]',1,'周容','孕周28+3 体重61 血压125/65 腹围83 宫高26','','',1,'产科',1,'[]',NULL,''),(111,27,6,'2015-12-08 08:11:27','2015-12-08 13:56:44','吕环宇','2015-11-19 00:00:00','15:30','[\"复诊\"]',1,'周容','孕周30+4 体重62 血压118/73 腹围91 宫高26','','',1,'产科',1,'[]',NULL,''),(112,27,6,'2015-12-08 08:12:44','2015-12-08 08:15:24','邱容','2015-12-03 00:00:00','09:00','[\"复诊\"]',1,'周容','孕周32+4 体重62 血压125/81 腹围94 宫高29 ','','',1,'产科',1,'[{\"next_visit_date\":\"2015-12-09\",\"next_visit_time\":\"16:00\",\"next_order_success\":0,\"next_visit_doctor_name\":\"周容\",\"next_visit_type\":\"[\\\"复诊\\\"]\",\"next_visit_address\":\"\",\"next_visit_remarks\":\"胎监脐血流\"}]',NULL,''),(113,27,9,'2015-12-08 08:15:24','2015-12-10 05:24:55','吕环宇','2015-12-09 00:00:00','16:00','[\"复诊\",\"胎监\",\"脐血流\"]',0,'周容','孕周34+3，体重63.5KG，血压105/74，宫高30CM,腹围96CM,','数胎动，一周复查。','',1,'',1,'[{\"next_visit_date\":\"2015-12-16\",\"next_visit_time\":\"15:30\",\"next_order_success\":1,\"next_visit_doctor_name\":\"周蓉\",\"next_visit_type\":\"[\\\"胎监\\\",\\\"脐血流\\\"]\",\"next_visit_address\":\"产科\",\"next_visit_remarks\":\"加号\"}]',NULL,''),(114,28,6,'2015-12-08 08:21:00','2015-12-08 13:56:39','陈淘','2015-09-10 00:00:00','09:00','[\"就诊\"]',1,'游泳','孕周12+3 血压123/74 腹围87 宫高7 体重65','建卡全套 预约胎儿心脏系统彩超','',1,'产科',1,'[]',NULL,''),(115,28,6,'2015-12-08 08:23:02','2015-12-08 13:56:26','邱容','2015-09-16 00:00:00','10:00','[\"复诊\"]',1,'游泳','孕周13+1  体重66 血压108/65 腹围86 宫高11','','',1,'产科',1,'[]',NULL,''),(116,28,6,'2015-12-08 08:25:12','2015-12-08 08:26:50','陈淘','2015-10-28 00:00:00','10:00','[\"复诊\"]',1,'游泳','孕周19+1 体重69 血压122/72 腹围92 宫高17','6周复查','',1,'产科',1,'[{\"next_visit_date\":\"2015-12-09\",\"next_visit_time\":\"09:00\",\"next_order_success\":1,\"next_visit_doctor_name\":\"游泳\",\"next_visit_type\":\"[\\\"复诊\\\"]\",\"next_visit_address\":\"\",\"next_visit_remarks\":\"\"}]',NULL,''),(117,28,9,'2015-12-08 08:26:50','2015-12-09 07:24:17','陈淘','2015-12-09 00:00:00','09:00','[\"复诊\"]',1,'游泳','孕周25+1，体重72CM，血压117/84，腹围96CM,宫高23CM，','','',1,'',1,'[{\"next_visit_date\":\"2016-01-12\",\"next_visit_time\":\"09:00\",\"next_order_success\":0,\"next_visit_doctor_name\":\"\",\"next_visit_type\":\"[\\\"心电图\\\",\\\"腹部彩超\\\"]\",\"next_visit_address\":\"\",\"next_visit_remarks\":\"\"},{\"next_visit_date\":\"2016-01-13\",\"next_visit_time\":\"09:30\",\"next_order_success\":1,\"next_visit_doctor_name\":\"游泳\",\"next_visit_type\":\"[\\\"复诊\\\"]\",\"next_visit_address\":\"\",\"next_visit_remarks\":\"上午32号\"}]',NULL,''),(118,29,6,'2015-12-08 08:32:13','2015-12-08 13:56:20','陈淘','2015-09-14 00:00:00','09:30','[\"就诊\"]',1,'游泳','孕周12+5 体重49 腹围72 宫高13 血压113/69','','',1,'产科',1,'[]',NULL,''),(119,29,6,'2015-12-08 08:33:51','2015-12-08 08:35:48','陈淘','2015-10-28 00:00:00','09:30','[\"复诊\"]',1,'游泳','孕周19  体重55.5 血压110/67 腹围81 宫高17','','',1,'产科',1,'[{\"next_visit_date\":\"2015-12-09\",\"next_visit_time\":\"09:00\",\"next_order_success\":1,\"next_visit_doctor_name\":\"游泳\",\"next_visit_type\":\"[\\\"复诊\\\"]\",\"next_visit_address\":\"\",\"next_visit_remarks\":\"\"}]',NULL,''),(120,29,9,'2015-12-08 08:35:48','2015-12-09 07:26:03','吕环宇','2015-12-09 00:00:00','09:00','[\"复诊\"]',1,'游泳','孕周25，体重60KG，腹围89CM，宫高24CM，血压114/69','b超','',1,'',1,'[{\"next_visit_date\":\"2016-01-12\",\"next_visit_time\":\"07:00\",\"next_order_success\":0,\"next_visit_doctor_name\":\"\",\"next_visit_type\":\"[\\\"心电图\\\",\\\"腹部彩超\\\"]\",\"next_visit_address\":\"\",\"next_visit_remarks\":\"\"},{\"next_visit_date\":\"2016-01-13\",\"next_visit_time\":\"07:00\",\"next_order_success\":1,\"next_visit_doctor_name\":\"游泳\",\"next_visit_type\":\"[\\\"复诊\\\"]\",\"next_visit_address\":\"\",\"next_visit_remarks\":\"上午28号\"}]',NULL,''),(121,30,6,'2015-12-08 08:40:39','2015-12-08 13:56:03','陈淘','2015-07-09 00:00:00','09:00','[\"就诊\"]',1,'彭冰','孕周13+6 血压120/81 腹围107 宫高14','','',1,'产科',1,'[]',NULL,''),(122,30,6,'2015-12-08 08:41:47','2015-12-08 13:55:59','陈淘','2015-07-28 00:00:00','09:00','[\"复诊\"]',1,'彭冰','孕周17+4 体重76 血压139/89 腹围104 宫高16','','',1,'产科',1,'[]',NULL,''),(123,30,6,'2015-12-08 08:42:47','2015-12-08 13:55:54','陈淘','2015-09-01 00:00:00','09:00','[\"复诊\"]',1,'彭冰','孕周22+4 体重76 血压120/78 腹围106 宫高22','','',1,'产科',1,'[]',NULL,''),(124,30,6,'2015-12-08 08:44:02','2015-12-08 13:55:34','陈淘','2015-10-13 00:00:00','15:00','[\"复诊\"]',1,'彭冰','孕周22+4 体重76 血压120/78 腹围106 宫高22','5周复诊','',1,'产科',1,'[]',NULL,''),(125,30,6,'2015-12-08 08:44:58','2015-12-08 13:55:29','陈淘','2015-10-13 00:00:00','15:00','[\"复诊\"]',1,'彭冰','孕周28+4 体76.5 血压121/73 腹围107 宫高25','','',1,'产科',1,'[]',NULL,''),(126,30,6,'2015-12-08 08:46:21','2015-12-08 13:55:17','吕环宇','2015-11-03 00:00:00','15:00','[\"复诊\"]',1,'彭冰','孕周31+4 体重78.5 血压119/82 腹围112 宫高31 ','3周复诊','',1,'产科',1,'[]',NULL,''),(127,30,6,'2015-12-08 08:47:31','2015-12-08 08:49:53','李瑞雪','2015-11-26 00:00:00','15:00','[\"复诊\"]',1,'彭冰','孕周34+6 体重79 血压112/69 腹围112 宫高34','','',1,'产科',1,'[{\"next_visit_date\":\"2015-12-09\",\"next_visit_time\":\"07:00\",\"next_order_success\":1,\"next_visit_doctor_name\":\"\",\"next_visit_type\":\"[\\\"胎儿系统彩超\\\"]\",\"next_visit_address\":\"\",\"next_visit_remarks\":\"\"},{\"next_visit_date\":\"2015-12-10\",\"next_visit_time\":\"07:00\",\"next_order_success\":0,\"next_visit_doctor_name\":\"彭冰\",\"next_visit_type\":\"[\\\"复诊\\\"]\",\"next_visit_address\":\"\",\"next_visit_remarks\":\"胎监脐血流\"}]',NULL,''),(128,30,9,'2015-12-08 08:49:53','2015-12-09 09:01:28','吕环宇','2015-12-09 00:00:00','07:00','[\"胎儿系统彩超\"]',1,'','针对性胎儿B超','','',0,'',1,'[]',NULL,''),(129,30,3,'2015-12-08 08:49:53','2015-12-13 11:12:08','陈淘','2015-12-10 00:00:00','15:30','[\"复诊\",\"胎监\",\"脐血流\"]',0,'彭冰','孕周36+6，体重81kg，血压126/79，腹围112cm，宫高35cm，胎监正常','','胎监脐血流',1,'',1,'[{\"next_visit_date\":\"2015-12-17\",\"next_visit_time\":\"15:00\",\"next_order_success\":1,\"next_visit_doctor_name\":\"彭冰\",\"next_visit_type\":\"[\\\"复诊\\\",\\\"胎监\\\",\\\"腹部彩超\\\"]\",\"next_visit_address\":\"\",\"next_visit_remarks\":\"下午加号\"}]',NULL,''),(130,31,6,'2015-12-08 08:57:14','2015-12-08 13:54:45','李瑞雪','2015-06-15 00:00:00','09:00','[\"就诊\"]',1,'游泳','孕周12+4 血压112/72 腹围68 宫高7 体重48','','',1,'产科',1,'[]',NULL,''),(131,31,6,'2015-12-08 08:58:47','2015-12-08 13:53:08','邱容','2015-07-22 00:00:00','09:00','[\"复诊\"]',1,'游泳','孕周17+6 体重50 血压116/67 腹围80 宫高18','','',1,'产科',1,'[]',NULL,''),(132,31,6,'2015-12-08 08:59:49','2015-12-08 13:53:03','邱容','2015-09-02 00:00:00','09:00','[\"就诊\"]',1,'游泳','孕周23+6 体重54.5 血压97/59 腹围89 宫高24','','',1,'产科',1,'[]',NULL,''),(133,31,6,'2015-12-08 09:00:52','2015-12-08 13:52:57','李瑞雪','2015-09-30 00:00:00','09:00','[\"复诊\"]',1,'游泳','孕周27+6 体重57 血压106/70 腹围91 宫高28','四周复诊','',1,'产科',1,'[]',NULL,''),(134,31,6,'2015-12-08 09:02:00','2015-12-08 13:52:46','陈淘','2015-10-28 00:00:00','09:00','[\"复诊\"]',1,'游泳','孕周31+6 体重58.5 血压110/68 腹围96 宫高29','3周复诊','',1,'产科',1,'[]',NULL,''),(135,31,6,'2015-12-08 09:03:05','2015-12-08 13:52:34','李瑞雪','2015-11-18 00:00:00','09:00','[\"复诊\"]',1,'游泳','孕周34+6 体重61 血压115/72 腹围99 宫高35 ','2周复诊','',1,'产科',1,'[]',NULL,''),(136,31,6,'2015-12-08 09:04:07','2015-12-08 09:05:44','李瑞雪','2015-12-02 00:00:00','11:00','[\"复诊\"]',1,'游泳','孕周36+6 体重62 血压103/69 腹围101 宫高35','1周复诊','',1,'产科',1,'[{\"next_visit_date\":\"2015-12-09\",\"next_visit_time\":\"10:00\",\"next_order_success\":0,\"next_visit_doctor_name\":\"游泳\",\"next_visit_type\":\"[\\\"复诊\\\"]\",\"next_visit_address\":\"\",\"next_visit_remarks\":\"\"}]',NULL,''),(137,31,9,'2015-12-08 09:05:44','2015-12-09 07:26:42','陈淘','2015-12-09 00:00:00','10:00','[\"复诊\",\"胎监\",\"脐血流\",\"腹部彩超\"]',0,'游泳','孕周37+6，体重62.5CM,血压105/67，腹围104CM，宫高35CM','彩超','',1,'',1,'[{\"next_visit_date\":\"2015-12-16\",\"next_visit_time\":\"10:00\",\"next_order_success\":1,\"next_visit_doctor_name\":\"游泳\",\"next_visit_type\":\"[\\\"复诊\\\",\\\"胎监\\\",\\\"腹部彩超\\\"]\",\"next_visit_address\":\"\",\"next_visit_remarks\":\"上午加号\"}]',NULL,''),(138,32,6,'2015-12-08 09:11:33','2015-12-08 13:52:29','邱容','2015-11-05 00:00:00','09:00','[\"就诊\"]',1,'唐琳','孕周12+5 宫高6 腹围72 血压107/75 体重52','定期产检','',1,'产科',1,'[]',NULL,''),(139,32,6,'2015-12-08 09:13:21','2015-12-08 09:16:26','李瑞雪','2015-11-25 00:00:00','09:00','[\"复诊\"]',1,'张力','孕周14+4 体重53.5 血压108/77 腹围76 宫高11','','',1,'产科',1,'[{\"next_visit_date\":\"2015-12-09\",\"next_visit_time\":\"07:00\",\"next_order_success\":0,\"next_visit_doctor_name\":\"\",\"next_visit_type\":\"[\\\"甲功\\\"]\",\"next_visit_address\":\"\",\"next_visit_remarks\":\"\"},{\"next_visit_date\":\"2016-02-04\",\"next_visit_time\":\"09:00\",\"next_order_success\":1,\"next_visit_doctor_name\":\"\",\"next_visit_type\":\"[\\\"胎儿心脏彩超\\\",\\\"胎儿系统彩超\\\"]\",\"next_visit_address\":\"\",\"next_visit_remarks\":\"\"},{\"next_visit_date\":\"2015-12-23\",\"next_visit_time\":\"09:00\",\"next_order_success\":1,\"next_visit_doctor_name\":\"张力\",\"next_visit_type\":\"[\\\"复诊\\\"]\",\"next_visit_address\":\"\",\"next_visit_remarks\":\"\"}]',NULL,''),(140,32,9,'2015-12-08 09:16:26','2015-12-09 06:11:28','','2015-12-09 23:59:59','09:00','[\"甲功\",\"唐氏筛查中\"]',1,'','','','',0,'',0,'',NULL,''),(141,32,6,'2015-12-08 09:16:26','2015-12-08 09:16:28','','2016-02-04 23:59:59','09:00','[\"胎儿心脏彩超\",\"胎儿系统彩超\"]',1,'','','','',0,'',0,'',NULL,''),(142,32,6,'2015-12-08 09:16:27','2015-12-08 09:16:30','','2015-12-23 23:59:59','09:00','[\"复诊\"]',1,'张力','','','',0,'',0,'',NULL,''),(143,33,6,'2015-12-08 09:24:03','2015-12-08 13:52:24','李瑞雪','2015-10-13 00:00:00','09:00','[\"就诊\"]',1,'姚强','孕周11+5 体重47 血压117/80 腹围69 宫高7','','',1,'产科',1,'[]',NULL,''),(144,33,6,'2015-12-08 09:25:16','2015-12-08 13:52:18','李瑞雪','2015-10-21 00:00:00','14:30','[\"复诊\"]',1,'姚强','孕周12+6 体重46.5 血压113/76','看报告','',1,'产科',1,'[]',NULL,''),(145,33,6,'2015-12-08 09:26:03','2015-12-08 09:27:57','李瑞雪','2015-11-24 00:00:00','14:30','[\"复诊\"]',1,'姚强','孕周17+5 体重49 血压111/74 宫高13 腹围72 ','','',1,'产科',1,'[{\"next_visit_date\":\"2015-12-31\",\"next_visit_time\":\"09:00\",\"next_order_success\":1,\"next_visit_doctor_name\":\"\",\"next_visit_type\":\"[\\\"胎儿心脏彩超\\\",\\\"胎儿系统彩超\\\"]\",\"next_visit_address\":\"\",\"next_visit_remarks\":\"\"},{\"next_visit_date\":\"2016-01-05\",\"next_visit_time\":\"14:30\",\"next_order_success\":1,\"next_visit_doctor_name\":\"张力\",\"next_visit_type\":\"[\\\"复诊\\\"]\",\"next_visit_address\":\"\",\"next_visit_remarks\":\"下午17号\"}]',NULL,''),(146,33,6,'2015-12-08 09:27:57','2015-12-08 09:27:58','','2015-12-31 23:59:59','09:00','[\"胎儿心脏彩超\",\"胎儿系统彩超\"]',1,'','','','',0,'',0,'',NULL,''),(147,33,6,'2015-12-08 09:27:57','2015-12-08 09:27:59','','2016-01-05 23:59:59','14:30','[\"复诊\"]',1,'张力','','','下午17号',0,'',0,'',NULL,''),(148,34,6,'2015-12-08 09:32:39','2015-12-08 13:48:42','邱容','2015-10-09 00:00:00','14:30','[\"复诊\"]',1,'姚强','孕周12+1 体重52 血压99/64 腹围74 宫高6','','',1,'产科',1,'[]',NULL,''),(149,34,6,'2015-12-08 09:33:51','2015-12-08 13:48:37','邱容','2015-11-05 00:00:00','14:30','[\"复诊\"]',1,'姚强','孕周16 体重56 血压109/68 宫高12 腹围78 ','','',1,'产科',1,'[]',NULL,''),(150,34,6,'2015-12-08 09:34:40','2015-12-08 09:37:34','陈淘','2015-12-03 00:00:00','14:30','[\"复诊\"]',1,'姚强','孕周20 体重58 宫高15 腹围79 ','','',1,'产科',1,'[{\"next_visit_date\":\"2016-01-05\",\"next_visit_time\":\"08:00\",\"next_order_success\":1,\"next_visit_doctor_name\":\"\",\"next_visit_type\":\"[\\\"75G糖\\\"]\",\"next_visit_address\":\"\",\"next_visit_remarks\":\"下午胎儿心脏系统\"},{\"next_visit_date\":\"2016-01-07\",\"next_visit_time\":\"14:30\",\"next_order_success\":1,\"next_visit_doctor_name\":\"姚强\",\"next_visit_type\":\"[\\\"复诊\\\"]\",\"next_visit_address\":\"\",\"next_visit_remarks\":\"微信预约诊间号\"}]',NULL,''),(151,34,6,'2015-12-08 09:37:34','2015-12-08 09:37:35','','2016-01-05 23:59:59','08:00','[\"75G糖\"]',1,'','','','下午胎儿心脏系统',0,'',0,'',NULL,''),(152,34,6,'2015-12-08 09:37:34','2015-12-08 09:37:36','','2016-01-07 23:59:59','14:30','[\"复诊\"]',1,'姚强','','','微信预约诊间号',0,'',0,'',NULL,''),(153,35,6,'2015-12-08 09:43:32','2015-12-08 13:48:32','邱容','2015-08-04 00:00:00','09:00','[\"就诊\"]',1,'姚强','孕周12+1 血压120/80 体重58 腹围81 宫高7','','',1,'产科',1,'[]',NULL,''),(154,35,6,'2015-12-08 09:44:34','2015-12-08 13:48:27','陈淘','2015-09-15 00:00:00','15:00','[\"复诊\"]',1,'姚强','孕周18+1 体重63 血压111/70 腹围84 宫高15','','',1,'产科',1,'[]',NULL,''),(155,35,6,'2015-12-08 09:45:23','2015-12-08 13:48:22','李瑞雪','2015-10-13 00:00:00','15:00','[\"复诊\"]',1,'姚强','孕周22+1 体重62.5 血压110/72 腹围88 宫高19.5 ','','',1,'产科',1,'[]',NULL,''),(156,35,6,'2015-12-08 09:46:46','2015-12-08 09:48:42','李瑞雪','2015-11-19 00:00:00','15:00','[\"复诊\"]',1,'姚强','孕周27+3 体重66 血压107/65 腹围90 宫高21','','',1,'产科',1,'[{\"next_visit_date\":\"2015-12-31\",\"next_visit_time\":\"08:00\",\"next_order_success\":1,\"next_visit_doctor_name\":\"姚强\",\"next_visit_type\":\"[\\\"复诊\\\"]\",\"next_visit_address\":\"\",\"next_visit_remarks\":\"上午肝功胆汁酸，下午复诊\"}]',NULL,''),(157,35,6,'2015-12-08 09:48:42','2015-12-08 09:48:43','','2015-12-31 23:59:59','08:00','[\"复诊\"]',1,'姚强','','','上午肝功胆汁酸，下午复诊',0,'',0,'',NULL,''),(158,36,6,'2015-12-08 09:53:09','2015-12-08 13:48:11','陈淘','2015-11-18 00:00:00','09:00','[\"就诊\"]',1,'张力','孕周12 体重42 血压97/68 腹围66 宫高7','','',1,'产科',1,'[]',NULL,''),(159,36,6,'2015-12-08 09:54:18','2015-12-08 09:57:26','李瑞雪','2015-11-25 00:00:00','09:00','[\"复诊\"]',1,'张力','孕周13 体重42 血压106/71 ','看报告','',1,'产科',1,'[{\"next_visit_date\":\"2015-12-30\",\"next_visit_time\":\"09:00\",\"next_order_success\":1,\"next_visit_doctor_name\":\"张力\",\"next_visit_type\":\"[\\\"复诊\\\"]\",\"next_visit_address\":\"\",\"next_visit_remarks\":\"\"},{\"next_visit_date\":\"2015-12-16\",\"next_visit_time\":\"08:30\",\"next_order_success\":1,\"next_visit_doctor_name\":\"\",\"next_visit_type\":\"[\\\"肝功\\\"]\",\"next_visit_address\":\"\",\"next_visit_remarks\":\"中唐\"},{\"next_visit_date\":\"2016-02-17\",\"next_visit_time\":\"09:00\",\"next_order_success\":1,\"next_visit_doctor_name\":\"\",\"next_visit_type\":\"[\\\"胎儿心脏彩超\\\",\\\"胎儿系统彩超\\\"]\",\"next_visit_address\":\"\",\"next_visit_remarks\":\"\"}]',NULL,''),(160,36,6,'2015-12-08 09:57:26','2015-12-08 09:57:27','','2015-12-30 23:59:59','09:00','[\"复诊\"]',1,'张力','','','',0,'',0,'',NULL,''),(161,36,6,'2015-12-08 09:57:26','2015-12-08 09:57:28','','2015-12-16 23:59:59','08:30','[\"肝功\"]',1,'','','','中唐',0,'',0,'',NULL,''),(162,36,6,'2015-12-08 09:57:26','2015-12-08 09:57:29','','2016-02-17 23:59:59','09:00','[\"胎儿心脏彩超\",\"胎儿系统彩超\"]',1,'','','','',0,'',0,'',NULL,''),(163,37,6,'2015-12-08 10:07:26','2015-12-08 13:48:02','陈淘','2015-07-06 00:00:00','09:00','[\"就诊\"]',1,'蔡林芮','孕周11+2 血压112/82 腹围81 宫高6 体重65','','',1,'产科',1,'[]',NULL,''),(164,37,6,'2015-12-08 10:09:30','2015-12-08 13:47:56','邱容','2015-08-12 00:00:00','09:00','[\"复诊\"]',1,'游泳','孕周16+4 体重67 血压113/73 腹围90 宫高14','','',1,'产科',1,'[]',NULL,''),(165,37,6,'2015-12-08 10:12:40','2015-12-08 13:47:51','邱容','2015-08-19 00:00:00','09:00','[\"复诊\"]',1,'游泳','孕周17+4 体重68 血压113/76 腹围90 宫高15','','',1,'产科',1,'[]',NULL,''),(166,37,6,'2015-12-08 10:19:45','2015-12-08 13:47:46','陈淘','2015-09-09 00:00:00','09:00','[\"复诊\"]',1,'游泳','孕周20+4 体重68 血压107/77 腹围90 宫高15','','',1,'产科',1,'[]',NULL,''),(167,37,6,'2015-12-08 10:21:30','2015-12-08 13:47:18','陈淘','2015-09-23 00:00:00','09:00','[\"复诊\"]',1,'游泳','孕周22+4 体重71 血压99/61 腹围94 宫高21','','',1,'产科',1,'[]',NULL,''),(168,37,6,'2015-12-08 10:22:52','2015-12-08 13:47:07','邱容','2015-10-17 00:00:00','09:00','[\"复诊\"]',1,'吴林','血压115/73 腹围95 宫高24 ','看报告','',1,'产科',1,'[]',NULL,''),(169,37,6,'2015-12-08 10:24:35','2015-12-08 13:46:56','邱容','2015-10-28 00:00:00','09:00','[\"复诊\"]',1,'游泳','孕周27+4 体重74 血压110/69 腹围98 宫高27 ','','',1,'产科',1,'[]',NULL,''),(170,37,6,'2015-12-08 10:25:30','2015-12-08 10:33:55','李瑞雪','2015-11-25 00:00:00','09:00','[\"复诊\"]',1,'游泳','孕周31+4 体重76 血压104/70 腹围101 宫高30','','',1,'产科',1,'[{\"next_visit_date\":\"2015-12-15\",\"next_visit_time\":\"08:30\",\"next_order_success\":1,\"next_visit_doctor_name\":\"\",\"next_visit_type\":\"[\\\"肝功\\\"]\",\"next_visit_address\":\"\",\"next_visit_remarks\":\"心电图\"},{\"next_visit_date\":\"2015-12-16\",\"next_visit_time\":\"10:00\",\"next_order_success\":1,\"next_visit_doctor_name\":\"游泳\",\"next_visit_type\":\"[\\\"复诊\\\"]\",\"next_visit_address\":\"\",\"next_visit_remarks\":\"\"}]',NULL,''),(171,37,6,'2015-12-08 10:33:55','2015-12-08 10:33:56','','2015-12-15 23:59:59','08:30','[\"肝功\"]',1,'','','','心电图',0,'',0,'',NULL,''),(172,37,6,'2015-12-08 10:33:55','2015-12-08 10:33:57','','2015-12-16 23:59:59','10:00','[\"复诊\"]',1,'游泳','','','',0,'',0,'',NULL,''),(173,38,6,'2015-12-08 10:37:48','2015-12-08 10:39:48','邱容','2015-11-20 00:00:00','09:00','[\"复诊\"]',1,'李炜敏','孕周21+ 3 腹围81 宫高17 ','','',1,'产科',1,'[{\"next_visit_date\":\"2015-12-22\",\"next_visit_time\":\"09:00\",\"next_order_success\":1,\"next_visit_doctor_name\":\"李炜敏\",\"next_visit_type\":\"[\\\"复诊\\\"]\",\"next_visit_address\":\"\",\"next_visit_remarks\":\"上午1号\"}]',NULL,''),(174,38,6,'2015-12-08 10:39:48','2015-12-08 10:39:49','','2015-12-22 23:59:59','09:00','[\"复诊\"]',1,'李炜敏','','','上午1号',0,'',0,'',NULL,''),(175,38,6,'2015-12-08 10:41:07','2015-12-08 10:41:07','','2015-12-15 23:59:59','09:00','[\"75G糖\"]',1,'','','','',0,'',0,'',NULL,''),(176,39,6,'2015-12-08 10:47:16','2015-12-08 13:46:51','邱容','2015-09-09 00:00:00','14:00','[\"就诊\"]',1,'姚强','孕周12+2 血压121/53  腹围86 宫高10 体重53.5','','',1,'产科',1,'[]',NULL,''),(177,39,6,'2015-12-08 10:48:30','2015-12-08 13:46:46','邱容','2015-10-15 00:00:00','14:00','[\"复诊\"]',1,'姚强','孕周17+4 体重56 血压125/78 宫高14 腹围91 ','','',1,'产科',1,'[]',NULL,''),(178,39,6,'2015-12-08 10:49:54','2015-12-08 10:53:00','邱容','2015-11-17 00:00:00','15:00','[\"复诊\"]',1,'姚强','孕周22+2 体重59.5 血压112/67 宫高20腹围94 ','','',1,'产科',1,'[{\"next_visit_date\":\"2015-12-22\",\"next_visit_time\":\"15:00\",\"next_order_success\":1,\"next_visit_doctor_name\":\"姚强\",\"next_visit_type\":\"[\\\"复诊\\\"]\",\"next_visit_address\":\"\",\"next_visit_remarks\":\"\"}]',NULL,''),(179,39,6,'2015-12-08 10:53:00','2015-12-08 10:53:01','','2015-12-22 23:59:59','15:00','[\"复诊\"]',1,'姚强','','','',0,'',0,'',NULL,''),(180,40,6,'2015-12-08 10:58:18','2015-12-08 11:01:11','陈淘','2015-12-04 00:00:00','09:00','[\"就诊\"]',1,'姚强','孕周11+5 血压114/73 腹围81 宫高10 体重53','','',1,'产科',1,'[{\"next_visit_date\":\"2015-12-22\",\"next_visit_time\":\"14:00\",\"next_order_success\":1,\"next_visit_doctor_name\":\"姚强\",\"next_visit_type\":\"[\\\"复诊\\\"]\",\"next_visit_address\":\"\",\"next_visit_remarks\":\"下午8号\"},{\"next_visit_date\":\"2016-03-07\",\"next_visit_time\":\"09:00\",\"next_order_success\":1,\"next_visit_doctor_name\":\"\",\"next_visit_type\":\"[\\\"胎儿心脏彩超\\\",\\\"胎儿系统彩超\\\"]\",\"next_visit_address\":\"\",\"next_visit_remarks\":\"\"}]','2015-12-10 12:01:17','建卡全套血：1）凝血功能结果正常；2）血型B型；3）血常规：白细胞计数6.3 红细胞计数4.2 血红蛋白131 血小板计数187；4）甲功结果正常；5）肝肾功结果正常，血糖4.1，铁蛋白164.6；5）输血免疫全套结果正常；6）抗心磷脂抗体2.74；7）早唐：18-三体风险度 1/100000，唐氏综合风险度（含NT）1/46653'),(181,40,6,'2015-12-08 11:01:11','2015-12-08 11:01:12','','2015-12-22 23:59:59','14:00','[\"复诊\"]',1,'姚强','','','下午8号',0,'',0,'',NULL,''),(182,40,6,'2015-12-08 11:01:11','2015-12-08 11:01:13','','2016-03-07 23:59:59','09:00','[\"胎儿心脏彩超\",\"胎儿系统彩超\"]',1,'','','','',0,'',0,'',NULL,''),(183,41,6,'2015-12-08 11:05:56','2015-12-08 13:46:33','邱容','2015-09-14 00:00:00','07:00','[\"就诊\"]',1,'游泳','孕周11+4 体重45 血压123/83 腹围78 ','','',1,'产科',1,'[]',NULL,''),(184,41,6,'2015-12-08 11:06:58','2015-12-08 13:46:27','邱容','2015-10-26 00:00:00','09:30','[\"复诊\"]',1,'游泳','孕周17+4 体重55 血压111/79 宫高17 腹围80 ','6周复查','',1,'产科',1,'[]',NULL,''),(185,41,6,'2015-12-08 11:08:25','2015-12-08 11:14:39','陈淘','2015-12-07 00:00:00','09:30','[\"复诊\"]',1,'游泳','孕周23+4  体重56.5 血压108/71 宫高21 腹围87','','',1,'产科',1,'[{\"next_visit_date\":\"2016-01-04\",\"next_visit_time\":\"09:00\",\"next_order_success\":1,\"next_visit_doctor_name\":\"游泳\",\"next_visit_type\":\"[\\\"复诊\\\"]\",\"next_visit_address\":\"\",\"next_visit_remarks\":\"\"},{\"next_visit_date\":\"2015-12-16\",\"next_visit_time\":\"07:00\",\"next_order_success\":1,\"next_visit_doctor_name\":\"\",\"next_visit_type\":\"[\\\"75G糖\\\"]\",\"next_visit_address\":\"\",\"next_visit_remarks\":\"\"}]',NULL,''),(186,41,6,'2015-12-08 11:14:39','2015-12-08 11:14:40','','2016-01-04 23:59:59','09:00','[\"复诊\"]',1,'游泳','','','',0,'',0,'',NULL,''),(187,41,6,'2015-12-08 11:14:39','2015-12-08 11:14:41','','2015-12-16 23:59:59','07:00','[\"75G糖\"]',1,'','','','',0,'',0,'',NULL,''),(188,42,6,'2015-12-08 11:21:29','2015-12-08 13:46:22','陈淘','2015-09-01 00:00:00','09:00','[\"建卡全套\",\"复诊\"]',1,'姚强','孕周12+3 体重42 血压119/69 ','','',1,'产科',1,'[]',NULL,''),(189,42,6,'2015-12-08 11:22:39','2015-12-08 13:46:15','陈淘','2015-09-29 00:00:00','15:00','[\"复诊\"]',1,'姚强','孕周16+3 体重42.5 血压114/64 腹围70 宫高12','','',1,'产科',1,'[]',NULL,''),(190,42,6,'2015-12-08 11:23:21','2015-12-08 13:46:08','陈淘','2015-10-27 00:00:00','15:00','[\"复诊\"]',1,'姚强','孕周20+3 体重44.5 血压103/61 腹围75 宫高17','','',1,'产科',1,'[]',NULL,''),(191,42,6,'2015-12-08 11:24:33','2015-12-08 11:26:45','陈淘','2015-12-01 00:00:00','15:00','[\"复诊\"]',1,'姚强','孕周25+3 体重47.5 血压104/65腹围80 宫高21','','',1,'产科',1,'[{\"next_visit_date\":\"2016-01-05\",\"next_visit_time\":\"15:00\",\"next_order_success\":1,\"next_visit_doctor_name\":\"姚强\",\"next_visit_type\":\"[\\\"复诊\\\"]\",\"next_visit_address\":\"\",\"next_visit_remarks\":\"下午27号\"}]',NULL,''),(192,42,6,'2015-12-08 11:26:45','2015-12-08 11:26:46','','2016-01-05 23:59:59','15:00','[\"复诊\"]',1,'姚强','','','下午27号',0,'',0,'',NULL,''),(193,43,6,'2015-12-08 11:31:29','2015-12-08 13:46:03','邱容','2015-09-01 00:00:00','09:00','[\"就诊\"]',1,'姚强','孕周11+6 体重52 血压125/81 腹围77 ','','上午建卡全套NT彩超',1,'产科',1,'[]',NULL,''),(194,43,6,'2015-12-08 11:32:34','2015-12-08 13:45:57','邱容','2015-10-27 00:00:00','15:00','[\"复诊\"]',1,'姚强','孕周15+6 体重54 血压113/74 宫高13 腹围75 ','','',1,'产科',1,'[]',NULL,''),(195,43,6,'2015-12-08 11:33:21','2015-12-08 11:36:16','陈淘','2015-11-24 00:00:00','15:00','[\"复诊\"]',1,'姚强','孕周19+6 体重55 血压118/67 宫高17 腹围82 ','','',1,'产科',1,'[{\"next_visit_date\":\"2015-12-25\",\"next_visit_time\":\"08:00\",\"next_order_success\":1,\"next_visit_doctor_name\":\"\",\"next_visit_type\":\"[\\\"75G糖\\\",\\\"胎儿心脏彩超\\\",\\\"胎儿系统彩超\\\"]\",\"next_visit_address\":\"\",\"next_visit_remarks\":\"\"},{\"next_visit_date\":\"2015-12-29\",\"next_visit_time\":\"15:30\",\"next_order_success\":1,\"next_visit_doctor_name\":\"姚强\",\"next_visit_type\":\"[\\\"复诊\\\"]\",\"next_visit_address\":\"\",\"next_visit_remarks\":\"下午35号\"}]',NULL,''),(196,43,6,'2015-12-08 11:36:16','2015-12-08 11:36:17','','2015-12-25 23:59:59','08:00','[\"75G糖\",\"胎儿心脏彩超\",\"胎儿系统彩超\"]',1,'','','','',0,'',0,'',NULL,''),(197,43,6,'2015-12-08 11:36:16','2015-12-08 11:36:18','','2015-12-29 23:59:59','15:30','[\"复诊\"]',1,'姚强','','','下午35号',0,'',0,'',NULL,''),(198,44,6,'2015-12-08 11:41:18','2015-12-08 13:45:50','邱容','2015-11-06 00:00:00','09:00','[\"就诊\"]',1,'游泳','孕周11+4 体重58 腹围76 宫高6 血压107/77','','',1,'产科',1,'[]',NULL,''),(199,44,6,'2015-12-08 11:42:11','2015-12-08 11:46:47','邱容','2015-12-02 00:00:00','09:00','[\"复诊\"]',1,'游泳','孕周15+2 体重60.5 孕妇未就诊，邱容代看','','',1,'产科',1,'[{\"next_visit_date\":\"2015-12-16\",\"next_visit_time\":\"14:00\",\"next_order_success\":1,\"next_visit_doctor_name\":\"\",\"next_visit_type\":\"[\\\"唐氏筛查中\\\"]\",\"next_visit_address\":\"\",\"next_visit_remarks\":\"\"},{\"next_visit_date\":\"2016-01-27\",\"next_visit_time\":\"09:00\",\"next_order_success\":1,\"next_visit_doctor_name\":\"\",\"next_visit_type\":\"[\\\"胎儿心脏彩超\\\",\\\"胎儿系统彩超\\\"]\",\"next_visit_address\":\"\",\"next_visit_remarks\":\"\"},{\"next_visit_date\":\"2016-01-13\",\"next_visit_time\":\"09:00\",\"next_order_success\":1,\"next_visit_doctor_name\":\"游泳\",\"next_visit_type\":\"[\\\"复诊\\\"]\",\"next_visit_address\":\"\",\"next_visit_remarks\":\"上午17号\"}]',NULL,''),(200,44,6,'2015-12-08 11:46:47','2015-12-08 11:46:48','','2015-12-16 23:59:59','14:00','[\"唐氏筛查中\"]',1,'','','','',0,'',0,'',NULL,''),(201,44,6,'2015-12-08 11:46:47','2015-12-08 11:46:49','','2016-01-27 23:59:59','09:00','[\"胎儿心脏彩超\",\"胎儿系统彩超\"]',1,'','','','',0,'',0,'',NULL,''),(202,44,6,'2015-12-08 11:46:47','2015-12-08 11:46:50','','2016-01-13 23:59:59','09:00','[\"复诊\"]',1,'游泳','','','上午17号',0,'',0,'',NULL,''),(203,45,6,'2015-12-08 11:51:06','2015-12-08 13:45:43','邱容','2015-11-09 00:00:00','09:00','[\"就诊\"]',1,'王宇翮','孕周13 血压130/82 腹围81 宫高7 体重55','','',1,'产科',1,'[]',NULL,''),(204,45,6,'2015-12-08 11:53:13','2015-12-08 11:56:27','邱容','2015-11-19 00:00:00','09:00','[\"复诊\"]',1,'王晓东','孕周14+3 体重61 血压130/77 ','','',1,'产科',1,'[{\"next_visit_date\":\"2015-12-21\",\"next_visit_time\":\"08:00\",\"next_order_success\":1,\"next_visit_doctor_name\":\"\",\"next_visit_type\":\"[\\\"凝血功能\\\"]\",\"next_visit_address\":\"\",\"next_visit_remarks\":\"羊穿前检查\"},{\"next_visit_date\":\"2015-12-22\",\"next_visit_time\":\"08:30\",\"next_order_success\":1,\"next_visit_doctor_name\":\"\",\"next_visit_type\":\"[\\\"羊水穿刺\\\"]\",\"next_visit_address\":\"\",\"next_visit_remarks\":\"\"},{\"next_visit_date\":\"2016-01-22\",\"next_visit_time\":\"14:30\",\"next_order_success\":1,\"next_visit_doctor_name\":\"\",\"next_visit_type\":\"[\\\"胎儿心脏彩超\\\",\\\"胎儿系统彩超\\\"]\",\"next_visit_address\":\"\",\"next_visit_remarks\":\"\"},{\"next_visit_date\":\"2015-12-24\",\"next_visit_time\":\"09:30\",\"next_order_success\":1,\"next_visit_doctor_name\":\"王晓东\",\"next_visit_type\":\"[\\\"复诊\\\"]\",\"next_visit_address\":\"\",\"next_visit_remarks\":\"\"}]',NULL,''),(205,45,6,'2015-12-08 11:56:27','2015-12-08 11:56:28','','2015-12-21 23:59:59','08:00','[\"凝血功能\"]',1,'','','','羊穿前检查',0,'',0,'',NULL,''),(206,45,6,'2015-12-08 11:56:27','2015-12-08 11:56:29','','2015-12-22 23:59:59','08:30','[\"羊水穿刺\"]',1,'','','','',0,'',0,'',NULL,''),(207,45,6,'2015-12-08 11:56:27','2015-12-08 11:56:30','','2016-01-22 23:59:59','14:30','[\"胎儿心脏彩超\",\"胎儿系统彩超\"]',1,'','','','',0,'',0,'',NULL,''),(208,45,6,'2015-12-08 11:56:27','2015-12-08 11:56:31','','2015-12-24 23:59:59','09:30','[\"复诊\"]',1,'王晓东','','','',0,'',0,'',NULL,''),(209,46,6,'2015-12-08 12:00:52','2015-12-08 12:05:55','邱容','2015-12-01 00:00:00','14:00','[\"就诊\"]',1,'彭冰','孕周13+2 体重47 血压112/77 腹围81 宫高13','','',1,'产科',1,'[{\"next_visit_date\":\"2015-12-21\",\"next_visit_time\":\"14:00\",\"next_order_success\":1,\"next_visit_doctor_name\":\"\",\"next_visit_type\":\"[\\\"唐氏筛查中\\\"]\",\"next_visit_address\":\"\",\"next_visit_remarks\":\"\"},{\"next_visit_date\":\"2016-01-12\",\"next_visit_time\":\"14:30\",\"next_order_success\":1,\"next_visit_doctor_name\":\"彭冰\",\"next_visit_type\":\"[\\\"复诊\\\"]\",\"next_visit_address\":\"\",\"next_visit_remarks\":\"\"},{\"next_visit_date\":\"2016-02-18\",\"next_visit_time\":\"14:30\",\"next_order_success\":1,\"next_visit_doctor_name\":\" \",\"next_visit_type\":\"[\\\"胎儿心脏彩超\\\",\\\"胎儿系统彩超\\\"]\",\"next_visit_address\":\"\",\"next_visit_remarks\":\"\"}]',NULL,''),(210,46,6,'2015-12-08 12:05:55','2015-12-08 12:05:56','','2015-12-21 23:59:59','14:00','[\"唐氏筛查中\"]',1,'','','','',0,'',0,'',NULL,''),(211,46,6,'2015-12-08 12:05:55','2015-12-08 12:05:57','','2016-01-12 23:59:59','14:30','[\"复诊\"]',1,'彭冰','','','',0,'',0,'',NULL,''),(212,46,6,'2015-12-08 12:05:55','2015-12-08 12:05:58','','2016-02-18 23:59:59','14:30','[\"胎儿心脏彩超\",\"胎儿系统彩超\"]',1,' ','','','',0,'',0,'',NULL,''),(213,47,6,'2015-12-08 12:09:52','2015-12-08 13:45:32','陈淘','2015-10-22 00:00:00','14:00','[\"就诊\"]',1,'胡雅毅','孕周14+6 体重60 血压122/85 腹围91 宫高14 ','','',1,'产科',1,'[]',NULL,''),(214,47,6,'2015-12-08 12:10:55','2015-12-09 07:26:30','陈淘','2015-11-05 00:00:00','15:00','[\"复诊\"]',1,'唐林','孕周16+6 体重67 看报告','','',1,'产科',1,'[]',NULL,''),(215,47,6,'2015-12-08 12:11:34','2015-12-08 12:13:38','陈淘','2015-11-24 00:00:00','15:00','[\"复诊\"]',1,'胡雅毅','孕周19+3 体重67 血压119/86 宫高17 腹围94 ','','',1,'产科',1,'[{\"next_visit_date\":\"2015-12-29\",\"next_visit_time\":\"15:00\",\"next_order_success\":1,\"next_visit_doctor_name\":\"胡雅毅\",\"next_visit_type\":\"[\\\"复诊\\\"]\",\"next_visit_address\":\"\",\"next_visit_remarks\":\"\"}]',NULL,''),(216,47,6,'2015-12-08 12:13:38','2015-12-08 12:13:39','','2015-12-29 23:59:59','15:00','[\"复诊\"]',1,'胡雅毅','','','',0,'',0,'',NULL,''),(217,48,6,'2015-12-08 12:17:20','2015-12-09 07:26:23','邱容','2015-07-14 00:00:00','14:00','[\"就诊\"]',1,'胡雅毅','孕周12+4 宫高6 腹围90 血压123/75 体重60 ','','',1,'产科',1,'[]',NULL,''),(218,48,6,'2015-12-08 12:18:18','2015-12-09 07:26:18','陈淘','2015-08-25 00:00:00','14:00','[\"复诊\"]',1,'胡雅毅','孕周18+4 体重62 血压120/79 腹围91 宫高14 ','5周复诊','',1,'产科',1,'[]',NULL,''),(219,48,3,'2015-12-08 12:19:09','2015-12-09 07:26:12','陈淘','2015-09-29 00:00:00','14:00','[\"复诊\"]',1,'胡雅毅','体重63公斤  血压114、24    腹围97   宫高21  胎心142','5周复查','',1,'产科',1,'[{\"next_visit_date\":\"2015-11-03\",\"next_visit_time\":\"15:00\",\"next_order_success\":1,\"next_visit_doctor_name\":\"胡雅毅\",\"next_visit_type\":\"[\\\"复诊\\\"]\",\"next_visit_address\":\"\",\"next_visit_remarks\":\"\"}]',NULL,''),(220,8,6,'2015-12-08 14:01:06','2015-12-08 14:01:07','','2015-10-08 23:59:59','07:00','[\"复诊\"]',1,'王晓东','','','',0,'',0,'',NULL,''),(221,8,6,'2015-12-08 14:01:06','2015-12-08 14:01:08','','2015-10-08 23:59:59','07:00','[\"复诊\"]',1,'王晓东','','','',0,'二楼产科',0,'',NULL,''),(222,8,6,'2015-12-08 14:01:06','2015-12-08 14:01:09','','2015-11-05 23:59:59','07:00','[\"复诊\"]',1,'王晓东','','','',0,'产科',0,'',NULL,''),(223,8,6,'2015-12-08 14:01:14','2015-12-08 14:01:15','','2015-09-08 23:59:59','07:00','[\"复诊\"]',1,'王晓东','','','',0,'二楼产科',0,'',NULL,''),(224,20,6,'2015-12-08 14:01:30','2015-12-08 14:01:31','','2015-09-24 23:59:59','07:00','[\"复诊\"]',1,'胡雅毅','','','',0,'',0,'',NULL,''),(225,10,6,'2015-12-08 14:01:35','2015-12-08 14:01:36','','2015-12-11 23:59:59','07:00','[\"75G糖\"]',1,'','','','',0,'',0,'',NULL,''),(226,19,6,'2015-12-08 14:01:39','2015-12-08 14:01:40','','2015-12-16 23:59:59','07:00','[\"复诊\"]',0,'周容','','','',0,'',0,'',NULL,''),(227,10,6,'2015-12-08 14:01:46','2015-12-08 14:01:47','','2015-11-09 23:59:59','07:00','[\"小便常规\"]',1,'游泳','','','',0,'',0,'',NULL,''),(228,10,6,'2015-12-08 14:01:46','2015-12-08 14:01:48','','2015-11-30 23:59:59','07:00','[\"胎儿心脏彩超\",\"胎儿系统彩超\"]',1,'','','','',0,'',0,'',NULL,''),(229,3,9,'2015-12-08 14:03:33','2015-12-13 11:08:20','陈淘','2015-12-10 00:00:00','14:30','[\"复诊\"]',1,'彭冰','孕周15+3，体重57kg，血压133/82，腹围83cm，宫高13cm，','6周复查','12.24预约1.7下午彭冰，1.7预约1.21下午彭冰，转卡后付会费2000元，',1,'',1,'[{\"next_visit_date\":\"2015-12-15\",\"next_visit_time\":\"07:00\",\"next_order_success\":0,\"next_visit_doctor_name\":\"\",\"next_visit_type\":\"[\\\"唐氏筛查中\\\"]\",\"next_visit_address\":\"\",\"next_visit_remarks\":\"\"},{\"next_visit_date\":\"2016-02-05\",\"next_visit_time\":\"14:30\",\"next_order_success\":1,\"next_visit_doctor_name\":\"\",\"next_visit_type\":\"[\\\"胎儿心脏彩超\\\",\\\"胎儿系统彩超\\\"]\",\"next_visit_address\":\"\",\"next_visit_remarks\":\"\"}]',NULL,''),(230,48,3,'2015-12-09 05:24:24','2015-12-09 07:26:08','陈淘','2015-11-03 00:00:00','14:30','[\"复诊\"]',1,'彭冰','孕周28+4   体重67公斤   血压114/72  腹围49  宫高21  胎心146','控制体重','',1,'产科',1,'[]',NULL,''),(231,48,3,'2015-12-09 05:41:13','2015-12-09 07:25:02','陈淘','2015-11-24 00:00:00','14:30','[\"复诊\"]',1,'胡雅毅','孕周28+4  体重67公斤  血压116/76   腹围99  宫高30  胎心149','3周复查','',1,'产科',1,'[{\"next_visit_date\":\"2015-12-15\",\"next_visit_time\":\"15:00\",\"next_order_success\":1,\"next_visit_doctor_name\":\"彭冰\",\"next_visit_type\":\"[\\\"心电图\\\"]\",\"next_visit_address\":\"\",\"next_visit_remarks\":\"54号下午\"}]',NULL,''),(232,28,6,'2015-12-09 07:24:17','2015-12-09 07:24:18','','2016-01-12 23:59:59','09:00','[\"心电图\",\"腹部彩超\"]',0,'','','','',0,'',0,'',NULL,''),(233,28,6,'2015-12-09 07:24:17','2015-12-09 07:24:19','','2016-01-13 23:59:59','09:30','[\"复诊\"]',1,'游泳','','','上午32号',0,'',0,'',NULL,''),(234,48,6,'2015-12-09 07:25:02','2015-12-09 07:25:03','','2015-12-15 23:59:59','15:00','[\"心电图\"]',1,'彭冰','','','54号下午',0,'',0,'',NULL,''),(235,26,6,'2015-12-09 07:25:15','2015-12-09 07:25:16','','2015-12-30 23:59:59','07:00','[\"复诊\",\"心电图\",\"腹部彩超\"]',1,'游泳','','','上午21号',0,'',0,'',NULL,''),(236,2,6,'2015-12-09 07:25:29','2015-12-09 07:25:30','','2015-12-16 23:59:59','09:30','[\"胎监\",\"脐血流\",\"腹部彩超\"]',1,'张力','','','加号',0,'',0,'',NULL,''),(237,29,6,'2015-12-09 07:26:03','2015-12-09 07:26:04','','2016-01-12 23:59:59','07:00','[\"心电图\",\"腹部彩超\"]',0,'','','','',0,'',0,'',NULL,''),(238,29,6,'2015-12-09 07:26:03','2015-12-09 07:26:05','','2016-01-13 23:59:59','07:00','[\"复诊\"]',1,'游泳','','','上午28号',0,'',0,'',NULL,''),(239,48,6,'2015-12-09 07:26:12','2015-12-09 07:26:13','','2015-11-03 23:59:59','15:00','[\"复诊\"]',1,'胡雅毅','','','',0,'',0,'',NULL,''),(240,31,6,'2015-12-09 07:26:42','2015-12-09 07:26:43','','2015-12-16 23:59:59','10:00','[\"复诊\",\"胎监\",\"腹部彩超\"]',1,'游泳','','','上午加号',0,'',0,'',NULL,''),(241,4,9,'2015-12-09 08:05:49','2015-12-09 08:05:49','','2015-12-22 23:59:59','07:00','[\"腹部彩超\"]',1,'彭冰','','','下午43号',0,'产科',0,'',NULL,''),(242,6,9,'2015-12-09 08:09:04','2015-12-09 09:35:06','邱容','2015-11-23 00:00:00','09:30','[\"建卡全套\"]',1,'陈洪琴','孕周12+2.体重52KG,血压85/58，腹围75CM,宫高8CM。','','',1,'产科',1,'[{\"next_visit_date\":\"2016-02-19\",\"next_visit_time\":\"09:00\",\"next_order_success\":1,\"next_visit_doctor_name\":\"\",\"next_visit_type\":\"[\\\"胎儿心脏彩超\\\",\\\"胎儿系统彩超\\\"]\",\"next_visit_address\":\"\",\"next_visit_remarks\":\"\"}]',NULL,''),(243,6,9,'2015-12-09 08:16:54','2015-12-09 09:35:16','邱容','2015-12-07 00:00:00','09:30','[\"就诊\"]',1,'游泳','孕周14+2，体重51KG,血压101/61，腹围77CM,宫高10CM .','3周后查中唐看报告，多种维生素。','6周复查',1,'',1,'[{\"next_visit_date\":\"2016-01-08\",\"next_visit_time\":\"09:00\",\"next_order_success\":1,\"next_visit_doctor_name\":\"游泳\",\"next_visit_type\":\"[\\\"复诊\\\"]\",\"next_visit_address\":\"\",\"next_visit_remarks\":\"上午24号\"}]',NULL,''),(244,9,9,'2015-12-09 08:30:16','2015-12-09 08:30:16','','2015-08-13 23:59:59','09:00','[\"建卡全套\",\"NT彩超\"]',0,'','','','',0,'',0,'',NULL,''),(245,9,9,'2015-12-09 08:31:23','2015-12-09 09:34:25','陈淘','2015-09-17 00:00:00','09:00','[\"就诊\"]',1,'王晓东','孕周18周，体重55KG,宫高16CM,腹围86CM.','','',1,'产科',1,'[{\"next_visit_date\":\"2015-10-28\",\"next_visit_time\":\"09:30\",\"next_order_success\":1,\"next_visit_doctor_name\":\"\",\"next_visit_type\":\"[\\\"胎儿心脏彩超\\\",\\\"胎儿系统彩超\\\"]\",\"next_visit_address\":\"\",\"next_visit_remarks\":\"\"}]',NULL,''),(246,9,9,'2015-12-09 08:44:01','2015-12-09 09:34:49','陈淘','2015-10-15 00:00:00','09:00','[\"复诊\"]',1,'王晓东','孕周22周，体重59KG，宫高20CM,腹围90CM,','','',1,'',1,'[]',NULL,''),(247,9,9,'2015-12-09 08:46:19','2015-12-09 09:34:35','吕环宇','2015-11-12 00:00:00','09:00','[\"复诊\"]',1,'王晓东','孕周26周，体重61KG,血压124/85，宫高23CM,腹围95CM.','','',1,'',1,'[{\"next_visit_date\":\"2015-12-10\",\"next_visit_time\":\"09:30\",\"next_order_success\":1,\"next_visit_doctor_name\":\"王晓东\",\"next_visit_type\":\"[\\\"复诊\\\"]\",\"next_visit_address\":\"\",\"next_visit_remarks\":\"上午25号\"}]',NULL,''),(248,9,9,'2015-12-09 08:56:53','2015-12-09 09:34:19','余澜悦','2015-10-28 00:00:00','07:00','[\"75G糖\",\"胎儿心脏彩超\",\"胎儿系统彩超\"]',1,'','','','',1,'',1,'[]',NULL,''),(249,55,9,'2015-12-09 09:11:41','2015-12-09 09:33:39','邱容','2015-06-29 00:00:00','07:00','[\"建卡全套\",\"NT彩超\"]',0,'游泳','孕周13+5，体重62KG,血压111/70，腹围86CM,宫高12CM，','','',1,'',1,'[]',NULL,''),(250,55,9,'2015-12-09 09:15:20','2015-12-09 09:33:51','邱容','2015-08-10 00:00:00','09:00','[\"复诊\"]',1,'游泳','孕周19+5，体重66KG,血压144/69，腹围90CM，宫高25CM，','六周复查','',1,'',1,'[{\"next_visit_date\":\"2015-10-05\",\"next_visit_time\":\"08:30\",\"next_order_success\":1,\"next_visit_doctor_name\":\"\",\"next_visit_type\":\"[\\\"75G糖\\\",\\\"胎儿心脏彩超\\\",\\\"胎儿系统彩超\\\"]\",\"next_visit_address\":\"\",\"next_visit_remarks\":\"\"}]',NULL,''),(251,55,9,'2015-12-09 09:21:27','2015-12-09 09:33:46','陈淘','2015-09-21 00:00:00','09:00','[\"复诊\"]',1,'游泳','孕周25+5，体重68.5KG，血压107/61，腹围95CM，宫高24CM，','四周复查','',1,'',1,'[]',NULL,''),(252,55,9,'2015-12-09 09:24:41','2015-12-09 09:34:00','陈淘','2015-10-19 00:00:00','09:00','[\"复诊\"]',1,'游泳','孕周29+5，体重70KG,血压111/71，腹围97CM，宫高28CM,','2周复查','',1,'',1,'[]',NULL,''),(253,55,9,'2015-12-09 09:29:34','2015-12-09 09:34:11','邱容','2015-11-02 00:00:00','09:00','[\"复诊\",\"腹部彩超\"]',1,'游泳','孕周31+5，体重72KG,血压110/72，腹围100CM，宫高32CM,','2周复查','',1,'',1,'[]',NULL,''),(254,55,9,'2015-12-09 09:33:51','2015-12-10 05:24:46','陈淘','2015-10-05 00:00:00','08:30','[\"75G糖\",\"胎儿心脏彩超\",\"胎儿系统彩超\"]',1,'','','','',1,'',1,'[]',NULL,''),(255,9,6,'2015-12-09 09:34:25','2015-12-09 09:34:26','','2015-10-28 23:59:59','09:30','[\"胎儿心脏彩超\",\"胎儿系统彩超\"]',1,'','','','',0,'',0,'',NULL,''),(256,9,3,'2015-12-09 09:34:35','2015-12-10 05:10:54','陈淘','2015-12-10 00:00:00','10:00','[\"复诊\"]',1,'余海燕','孕周30，体重64kg，血压142/93，腹围97cm，宫高28cm，','两周复查，胎监，彩超','上午25号',1,'',1,'[{\"next_visit_date\":\"2015-12-24\",\"next_visit_time\":\"10:00\",\"next_order_success\":1,\"next_visit_doctor_name\":\"王晓东\",\"next_visit_type\":\"[\\\"复诊\\\",\\\"胎监\\\",\\\"腹部彩超\\\"]\",\"next_visit_address\":\"\",\"next_visit_remarks\":\"上午加号\"},{\"next_visit_date\":\"2015-12-22\",\"next_visit_time\":\"15:30\",\"next_order_success\":1,\"next_visit_doctor_name\":\"\",\"next_visit_type\":\"[\\\"心电图\\\"]\",\"next_visit_address\":\"\",\"next_visit_remarks\":\"动态血压监测\"}]',NULL,''),(257,6,6,'2015-12-09 09:35:06','2015-12-09 09:35:07','','2016-02-19 23:59:59','09:00','[\"胎儿心脏彩超\",\"胎儿系统彩超\"]',1,'','','','',0,'',0,'',NULL,''),(258,6,6,'2015-12-09 09:35:16','2015-12-09 09:35:17','','2016-01-08 23:59:59','09:00','[\"复诊\"]',1,'游泳','','','上午24号',0,'',0,'',NULL,''),(259,55,9,'2015-12-09 09:35:23','2015-12-10 05:24:50','李瑞雪','2015-11-16 00:00:00','09:00','[\"复诊\"]',1,'游泳','孕周33+5，体重74KG,血压106/76，腹围101CM,宫高32CM，','数胎动一周复查','',1,'',1,'[]',NULL,''),(260,55,9,'2015-12-09 09:41:50','2015-12-10 05:24:43','陈淘','2015-11-23 00:00:00','09:00','[\"复诊\",\"胎监\",\"脐血流\",\"腹部彩超\"]',1,'游泳','孕周34+5，体重74KG，血压107/72，腹围101CM，宫高33CM，','2周查，数胎动','',1,'',1,'[]',NULL,''),(261,55,9,'2015-12-09 09:44:29','2015-12-10 05:24:37','陈淘','2015-12-07 00:00:00','09:00','[\"复诊\",\"胎监\",\"脐血流\"]',1,'游泳','孕周36+5，体重74.5KG，血压111/70，腹围103CM，宫高34CM,','一周查，数胎动','',1,'',1,'[{\"next_visit_date\":\"2015-12-14\",\"next_visit_time\":\"08:30\",\"next_order_success\":1,\"next_visit_doctor_name\":\"游泳\",\"next_visit_type\":\"[\\\"胎监\\\",\\\"脐血流\\\"]\",\"next_visit_address\":\"\",\"next_visit_remarks\":\"上午加号\"}]',NULL,''),(262,59,9,'2015-12-09 09:54:56','2015-12-10 05:24:27','邱容','2015-09-28 00:00:00','08:30','[\"建卡全套\",\"NT彩超\"]',1,'邢爱耘','孕周12+2，体重52KG，血压93/62，腹围80CM，宫高6CM,','四周复查','',1,'',1,'[{\"next_visit_date\":\"2015-10-26\",\"next_visit_time\":\"13:30\",\"next_order_success\":1,\"next_visit_doctor_name\":\"\",\"next_visit_type\":\"[\\\"唐氏筛查中\\\"]\",\"next_visit_address\":\"\",\"next_visit_remarks\":\"\"}]',NULL,''),(263,59,9,'2015-12-09 10:00:30','2015-12-10 05:24:22','陈淘','2015-10-19 00:00:00','09:00','[\"复诊\"]',1,'邢爱耘','孕周15+2，体重49KG,血压103/59，腹围74CM，宫高14CM，','5周复查','',1,'',1,'[{\"next_visit_date\":\"2015-12-26\",\"next_visit_time\":\"13:30\",\"next_order_success\":1,\"next_visit_doctor_name\":\"\",\"next_visit_type\":\"[\\\"唐氏筛查中\\\"]\",\"next_visit_address\":\"\",\"next_visit_remarks\":\"\"}]',NULL,''),(264,59,9,'2015-12-09 10:04:56','2015-12-10 05:23:39','陈淘','2015-11-23 00:00:00','09:00','[\"复诊\"]',1,'邢爱耘','孕周20+2，体重51.5KG，血压100/66，腹围81CM，宫高18CM，','五周复查，糖耐','',1,'',1,'[{\"next_visit_date\":\"2015-12-22\",\"next_visit_time\":\"08:30\",\"next_order_success\":1,\"next_visit_doctor_name\":\"\",\"next_visit_type\":\"[\\\"75G糖\\\",\\\"胎儿心脏彩超\\\",\\\"胎儿系统彩超\\\"]\",\"next_visit_address\":\"\",\"next_visit_remarks\":\"\"}]',NULL,''),(265,63,9,'2015-12-09 10:12:31','2015-12-10 05:23:35','陈淘','2015-08-07 00:00:00','08:30','[\"建卡全套\",\"NT彩超\"]',1,'姚强','孕周13+6，体重51KG,血压99/63，腹围76CM,宫高10CM，','建议羊穿 ','',1,'',1,'[{\"next_visit_date\":\"2015-09-21\",\"next_visit_time\":\"08:30\",\"next_order_success\":1,\"next_visit_doctor_name\":\"\",\"next_visit_type\":\"[\\\"凝血功能\\\",\\\"血常规\\\",\\\"腹部彩超\\\"]\",\"next_visit_address\":\"\",\"next_visit_remarks\":\"羊穿前检查\"},{\"next_visit_date\":\"2015-09-22\",\"next_visit_time\":\"08:00\",\"next_order_success\":1,\"next_visit_doctor_name\":\"\",\"next_visit_type\":\"[\\\"羊水穿刺\\\"]\",\"next_visit_address\":\"\",\"next_visit_remarks\":\"\"}]',NULL,''),(266,63,9,'2015-12-09 10:20:19','2015-12-10 05:23:31','陈淘','2015-09-08 00:00:00','09:30','[\"复诊\"]',1,'姚强','孕周18+3，体重53KG，血压98/63，腹围83CM，宫高15CM,','羊水穿刺','',1,'',1,'[]',NULL,''),(267,63,9,'2015-12-09 10:22:28','2015-12-10 05:23:26','邱容','2015-10-08 00:00:00','09:30','[\"复诊\"]',1,'姚强','孕周22+5，体重55KG，血压106/63，腹围87CM，宫高17CM，','','',1,'',1,'[{\"next_visit_date\":\"2015-10-19\",\"next_visit_time\":\"08:30\",\"next_order_success\":1,\"next_visit_doctor_name\":\"\",\"next_visit_type\":\"[\\\"75G糖\\\"]\",\"next_visit_address\":\"\",\"next_visit_remarks\":\"\"}]','0000-00-00 00:00:00',''),(268,63,9,'2015-12-09 10:25:31','2015-12-10 05:23:22','吕环宇','2015-11-17 00:00:00','09:30','[\"复诊\"]',1,'姚强','孕周28+3，体重59.5KG，血压94/66，腹围90CM，宫高24CM,','','',1,'',1,'[{\"next_visit_date\":\"2015-12-22\",\"next_visit_time\":\"08:30\",\"next_order_success\":1,\"next_visit_doctor_name\":\"姚强\",\"next_visit_type\":\"[\\\"心电图\\\",\\\"胎监\\\",\\\"腹部彩超\\\"]\",\"next_visit_address\":\"\",\"next_visit_remarks\":\"下午22号\"}]','0000-00-00 00:00:00',''),(269,71,9,'2015-12-09 10:29:31','2015-12-10 05:23:14','邱容','2015-10-20 00:00:00','08:30','[\"建卡全套\",\"唐氏筛查早\",\"NT彩超\"]',1,'张力','孕周12+2，体重51KG，血压105/60，腹围77CM，宫高7CM,','','',1,'',1,'[]',NULL,''),(270,71,9,'2015-12-09 10:36:31','2015-12-10 05:23:09','陈淘','2015-10-27 00:00:00','09:00','[\"复诊\"]',1,'张力','孕周13，体重58KG，血压103/68，腹围82CM，宫高14CM，','中唐','',1,'',1,'[{\"next_visit_date\":\"2015-11-17\",\"next_visit_time\":\"13:30\",\"next_order_success\":1,\"next_visit_doctor_name\":\"\",\"next_visit_type\":\"[\\\"唐氏筛查中\\\"]\",\"next_visit_address\":\"\",\"next_visit_remarks\":\"\"}]',NULL,''),(271,71,9,'2015-12-09 10:38:36','2015-12-10 05:23:04','邱容','2015-12-01 00:00:00','09:00','[\"复诊\"]',1,'张力','孕周18，体重58KG,血压103/68，腹围82CM,宫高14CM.','','',1,'',1,'[{\"next_visit_date\":\"2016-01-13\",\"next_visit_time\":\"13:30\",\"next_order_success\":1,\"next_visit_doctor_name\":\"张力\",\"next_visit_type\":\"[\\\"复诊\\\",\\\"胎儿心脏彩超\\\",\\\"胎儿系统彩超\\\"]\",\"next_visit_address\":\"\",\"next_visit_remarks\":\"上午16号\"}]',NULL,''),(272,67,9,'2015-12-09 10:45:33','2015-12-10 05:18:29','陈淘','2015-11-19 00:00:00','08:30','[\"建卡全套\",\"NT彩超\"]',1,'姚强','孕周12+2，体重50KG，血压113/71，腹围73CM，宫高6CM，','','',1,'',1,'[]',NULL,''),(273,67,6,'2015-12-09 10:47:47','2015-12-10 05:22:07','陈淘','2015-11-26 00:00:00','09:00','[\"复诊\"]',1,'姚强','孕周13+2，体重49KG，血压113/75，腹围宫高病例显示看报告没有数据','','',1,'',1,'[{\"next_visit_date\":\"2016-02-17\",\"next_visit_time\":\"09:00\",\"next_order_success\":1,\"next_visit_doctor_name\":\"\",\"next_visit_type\":\"[\\\"胎儿心脏彩超\\\",\\\"胎儿系统彩超\\\"]\",\"next_visit_address\":\"B超\",\"next_visit_remarks\":\"\"},{\"next_visit_date\":\"2015-12-24\",\"next_visit_time\":\"16:30\",\"next_order_success\":1,\"next_visit_doctor_name\":\"姚强\",\"next_visit_type\":\"[\\\"复诊\\\"]\",\"next_visit_address\":\"\",\"next_visit_remarks\":\"下午加号\"},{\"next_visit_date\":\"2015-12-15\",\"next_visit_time\":\"14:00\",\"next_order_success\":1,\"next_visit_doctor_name\":\"\",\"next_visit_type\":\"[\\\"唐氏筛查中\\\"]\",\"next_visit_address\":\"检验科\",\"next_visit_remarks\":\"\"}]',NULL,''),(274,77,9,'2015-12-09 10:54:48','2015-12-10 05:14:57','李瑞雪','2015-08-31 00:00:00','08:30','[\"建卡全套\",\"NT彩超\"]',1,'胡雅毅','孕周12+3，体重54KG，血压112/70，腹围80CM，宫高8CM,','','',1,'',1,'[]',NULL,''),(275,77,9,'2015-12-09 11:03:09','2015-12-10 05:14:53','邱容','2015-09-28 00:00:00','15:30','[\"复诊\",\"唐氏筛查中\"]',1,'胡雅毅','孕周16+3，体重55KG，血压111/66，腹围80CM，宫高14CM，','','',1,'',1,'[]',NULL,''),(276,77,9,'2015-12-09 11:04:50','2015-12-10 05:14:13','李瑞雪','2015-10-12 00:00:00','15:00','[\"复诊\"]',1,'胡雅毅','孕周18+3，体重56.5KG，血压107/74，腹围82CM，宫高16CM，','四周复查','',1,'',1,'[]',NULL,''),(277,77,9,'2015-12-09 11:07:02','2015-12-10 05:14:09','李瑞雪','2015-11-03 00:00:00','15:00','[\"复诊\"]',1,'胡雅毅','孕周21+4，体重59KG，血压99/59，腹围84CM，宫高21CM，','','',1,'',1,'[{\"next_visit_date\":\"2015-11-20\",\"next_visit_time\":\"08:30\",\"next_order_success\":1,\"next_visit_doctor_name\":\"\",\"next_visit_type\":\"[\\\"75G糖\\\",\\\"胎儿心脏彩超\\\",\\\"胎儿系统彩超\\\"]\",\"next_visit_address\":\"\",\"next_visit_remarks\":\"\"}]',NULL,''),(278,77,9,'2015-12-09 11:10:39','2015-12-10 05:14:02','吕环宇','2015-12-01 00:00:00','15:00','[\"复诊\"]',1,'胡雅毅','孕周25+4，体重61KG，血压109/69，腹围88CM，宫高23CM,','四周复查','',1,'',1,'[{\"next_visit_date\":\"2015-12-18\",\"next_visit_time\":\"15:00\",\"next_order_success\":1,\"next_visit_doctor_name\":\"\",\"next_visit_type\":\"[\\\"腹部彩超\\\"]\",\"next_visit_address\":\"\",\"next_visit_remarks\":\"当天挂优生遗传教授\"}]',NULL,''),(279,78,9,'2015-12-09 12:41:06','2015-12-10 05:13:46','李瑞雪','2015-10-08 00:00:00','08:30','[\"建卡全套\",\"唐氏筛查早\",\"NT彩超\"]',0,'姚强','孕周13+2，体重51KG，血压118/76，腹围82CM，宫高CM，','','',1,'',1,'[]',NULL,''),(280,78,9,'2015-12-09 12:45:46','2015-12-10 05:13:42','李瑞雪','2015-11-05 00:00:00','08:30','[\"就诊\",\"唐氏筛查中\"]',1,'姚强','孕周17+2，体重55KG,血压116/74，腹围86CM，宫高10CM，','','',1,'',1,'[]',NULL,''),(281,78,9,'2015-12-09 12:48:25','2015-12-10 05:13:38','陈淘','2015-12-03 00:00:00','14:00','[\"复诊\"]',1,'姚强','孕周21+2，体重56.5KG，血压106/76，腹围86CM，宫高15CM，','','',1,'',1,'[{\"next_visit_date\":\"2015-12-22\",\"next_visit_time\":\"08:30\",\"next_order_success\":1,\"next_visit_doctor_name\":\"\",\"next_visit_type\":\"[\\\"75G糖\\\",\\\"胎儿心脏彩超\\\",\\\"胎儿系统彩超\\\"]\",\"next_visit_address\":\"\",\"next_visit_remarks\":\"\"},{\"next_visit_date\":\"2016-01-07\",\"next_visit_time\":\"14:30\",\"next_order_success\":1,\"next_visit_doctor_name\":\"姚强\",\"next_visit_type\":\"[\\\"复诊\\\"]\",\"next_visit_address\":\"\",\"next_visit_remarks\":\"下午16号\"}]',NULL,''),(282,79,9,'2015-12-09 12:53:36','2015-12-10 05:13:29','邱容','2015-07-16 00:00:00','08:30','[\"建卡全套\",\"唐氏筛查早\",\"NT彩超\"]',1,'姚强','孕周14+5，体重53KG，血压101/65，宫高腹围未在病历本上填写','','',1,'',1,'[]',NULL,''),(283,79,9,'2015-12-09 13:02:43','2015-12-10 05:13:24','邱容','2015-07-21 00:00:00','15:00','[\"复诊\"]',1,'姚强','孕周15+4，体重53KG，血压104/69，腹围72CM，宫高12CM,','','',1,'',1,'[]',NULL,''),(284,79,9,'2015-12-09 13:06:05','2015-12-10 05:13:18','陈淘','2015-08-18 00:00:00','15:00','[\"复诊\"]',1,'姚强','孕周19+4，体重55KG，血压112/77，腹围74CM，宫高18CM,','','',1,'',1,'[{\"next_visit_date\":\"2015-09-18\",\"next_visit_time\":\"08:30\",\"next_order_success\":1,\"next_visit_doctor_name\":\"\",\"next_visit_type\":\"[\\\"75G糖\\\",\\\"胎儿心脏彩超\\\",\\\"胎儿系统彩超\\\"]\",\"next_visit_address\":\"\",\"next_visit_remarks\":\"\"}]',NULL,''),(285,79,9,'2015-12-09 13:08:55','2015-12-10 05:13:14','陈淘','2015-09-22 00:00:00','15:00','[\"复诊\"]',1,'姚强','孕周24+4，体重60KG，血压105/71，腹围81CM，宫高22CM，','','',1,'',1,'[]',NULL,''),(286,79,9,'2015-12-09 13:10:36','2015-12-10 05:13:09','李瑞雪','2015-10-27 00:00:00','15:30','[\"复诊\"]',1,'姚强','孕周29+4，体重63KG，血压116/76，腹围85CM，宫高27CM，','','',1,'',1,'[]',NULL,''),(287,79,9,'2015-12-09 13:12:05','2015-12-10 05:13:05','李瑞雪','2015-11-24 00:00:00','15:30','[\"复诊\"]',1,'姚强','孕周33+4，体重66KG，血压120/77，腹围92CM，宫高31CM,','','',1,'',1,'[]',NULL,''),(288,79,9,'2015-12-09 13:13:58','2015-12-10 05:13:00','吕环宇','2015-12-08 00:00:00','15:30','[\"复诊\"]',1,'姚强','孕周35+4，体重67KG，血压108/80，腹围92CM，宫高32CM，','','',1,'',1,'[{\"next_visit_date\":\"2015-12-15\",\"next_visit_time\":\"15:00\",\"next_order_success\":1,\"next_visit_doctor_name\":\"姚强\",\"next_visit_type\":\"[\\\"胎监\\\",\\\"腹部彩超\\\"]\",\"next_visit_address\":\"\",\"next_visit_remarks\":\"下午57号\"}]',NULL,''),(289,80,9,'2015-12-09 13:18:01','2015-12-10 05:12:50','邱容','2015-06-18 00:00:00','08:30','[\"建卡全套\",\"NT彩超\"]',1,'游泳','孕周12+1，体重47KG，血压113/73，腹围75CM，宫高9CM，','预约羊穿 系统心脏彩超，四周复查','',1,'',1,'[]',NULL,''),(290,80,9,'2015-12-09 13:20:55','2015-12-10 05:12:46','陈淘','2015-07-13 00:00:00','09:30','[\"复诊\"]',1,'游泳','孕周15+5，体重47KG，血压104/63，腹围78CM，宫高15cm','六周复查','',1,'',1,'[]',NULL,''),(291,80,9,'2015-12-09 13:24:47','2015-12-10 05:12:41','陈淘','2014-08-24 00:00:00','09:30','[\"复诊\"]',1,'游泳','孕周21+5，体重50KG,血压94/59，腹围82cm，宫高21cm，','四周复查','',1,'',1,'[{\"next_visit_date\":\"2015-09-14\",\"next_visit_time\":\"08:30\",\"next_order_success\":0,\"next_visit_doctor_name\":\"\",\"next_visit_type\":\"[\\\"75G糖\\\",\\\"胎儿心脏彩超\\\",\\\"胎儿系统彩超\\\"]\",\"next_visit_address\":\"\",\"next_visit_remarks\":\"\"}]',NULL,''),(292,80,9,'2015-12-09 13:28:39','2015-12-10 05:12:34','陈淘','2015-09-21 00:00:00','09:30','[\"复诊\"]',1,'游泳','孕周25+5，体重52.5KG，血压105/69，腹围87.5cm，宫高23cm，','五周复查','',1,'',1,'[]',NULL,''),(293,80,9,'2015-12-09 13:31:04','2015-12-10 05:12:29','李瑞雪','2015-10-28 00:00:00','09:30','[\"复诊\"]',1,'游泳','孕周31+1，体重55cm，血压104/68，腹围91cm，宫高31cm，','三周复查','',1,'',1,'[]',NULL,''),(294,80,9,'2015-12-09 13:33:02','2015-12-10 05:12:23','李瑞雪','2015-11-18 00:00:00','09:30','[\"复诊\"]',1,'游泳','孕周34+1，体重57kg，血压103/63，腹围95cm，宫高34cm，','两周复查','',1,'',1,'[]',NULL,''),(295,80,9,'2015-12-09 13:35:51','2015-12-10 05:12:18','余润悦','2015-11-19 00:00:00','09:30','[\"就诊\"]',1,'','孕周34+2，体重57kg，血压107/69，','','看报告，当天没测宫高腹围',1,'',1,'[]',NULL,''),(296,80,9,'2015-12-09 13:37:44','2015-12-10 05:12:12','余润悦','2015-12-02 00:00:00','10:00','[\"复诊\"]',1,'游泳','孕周36+1，体重58kg，血压106/69，腹围96cm，宫高34cm，','一周复查，数胎动','',1,'',1,'[{\"next_visit_date\":\"2015-12-16\",\"next_visit_time\":\"10:00\",\"next_order_success\":1,\"next_visit_doctor_name\":\"游泳\",\"next_visit_type\":\"[\\\"复诊\\\",\\\"胎监\\\",\\\"腹部彩超\\\"]\",\"next_visit_address\":\"\",\"next_visit_remarks\":\"上午加号·\"}]',NULL,''),(297,75,9,'2015-12-09 13:47:07','2015-12-10 05:12:04','邱容','2015-09-08 00:00:00','08:30','[\"建卡全套\",\"唐氏筛查早\",\"NT彩超\"]',1,'游泳','孕周12+6，体重54kg，血压125/75，腹围75cm，宫高7cm，','四周复查，维生素自备','',1,'',1,'[]',NULL,''),(298,75,9,'2015-12-09 13:50:09','2015-12-10 05:11:58','陈淘','2015-09-28 00:00:00','09:00','[\"复诊\"]',1,'游泳','孕周15+5，体重57kg，血压105/70，腹围81cm，宫高14cm','六周复查','',1,'',1,'[{\"next_visit_date\":\"2015-10-08\",\"next_visit_time\":\"13:30\",\"next_order_success\":0,\"next_visit_doctor_name\":\"\",\"next_visit_type\":\"[\\\"唐氏筛查中\\\"]\",\"next_visit_address\":\"\",\"next_visit_remarks\":\"\"}]',NULL,''),(299,75,9,'2015-12-09 13:52:29','2015-12-10 05:11:45','陈淘','2015-11-09 00:00:00','09:00','[\"复诊\"]',1,'游泳','孕周21+5，体重57.5kg，血压125/79，腹围83cm，宫高20cm，','五周复查','',1,'',1,'[{\"next_visit_date\":\"2015-11-30\",\"next_visit_time\":\"09:00\",\"next_order_success\":1,\"next_visit_doctor_name\":\"\",\"next_visit_type\":\"[\\\"胎儿心脏彩超\\\",\\\"胎儿系统彩超\\\"]\",\"next_visit_address\":\"\",\"next_visit_remarks\":\"\"},{\"next_visit_date\":\"2015-12-11\",\"next_visit_time\":\"08:30\",\"next_order_success\":1,\"next_visit_doctor_name\":\"\",\"next_visit_type\":\"[\\\"75G糖\\\"]\",\"next_visit_address\":\"\",\"next_visit_remarks\":\"\"},{\"next_visit_date\":\"2015-12-14\",\"next_visit_time\":\"09:30\",\"next_order_success\":1,\"next_visit_doctor_name\":\"游泳\",\"next_visit_type\":\"[\\\"复诊\\\"]\",\"next_visit_address\":\"\",\"next_visit_remarks\":\"上午26号\"}]',NULL,''),(300,73,9,'2015-12-09 14:01:01','2015-12-10 05:11:33','陈淘','2015-10-13 00:00:00','09:00','[\"建卡全套\"]',1,'张力','孕周11+6，体重56.5kg，血压115/77，腹围81cm，宫高6cm，','','',1,'',1,'[{\"next_visit_date\":\"2015-11-10\",\"next_visit_time\":\"13:30\",\"next_order_success\":1,\"next_visit_doctor_name\":\"\",\"next_visit_type\":\"[\\\"甲功\\\",\\\"唐氏筛查中\\\"]\",\"next_visit_address\":\"\",\"next_visit_remarks\":\"\"}]',NULL,''),(301,73,9,'2015-12-09 14:04:18','2015-12-10 05:11:27','陈淘','2015-11-24 00:00:00','09:00','[\"复诊\"]',1,'张力','孕周17+6，体重59kg，血压86/60，腹围84cm，宫高13cm，','','',1,'',1,'[{\"next_visit_date\":\"2015-12-29\",\"next_visit_time\":\"14:30\",\"next_order_success\":1,\"next_visit_doctor_name\":\"张力\",\"next_visit_type\":\"[\\\"复诊\\\"]\",\"next_visit_address\":\"\",\"next_visit_remarks\":\"下午23号\"}]',NULL,''),(302,29,9,'2015-12-09 14:08:55','2015-12-10 04:05:18','邱容','2015-09-14 00:00:00','09:00','[\"建卡全套\",\"NT彩超\"]',1,'游泳','孕周12+5，体重49kg，血压113/69，腹围72cm，宫高13cm，','','',1,'',1,'[]',NULL,''),(303,29,9,'2015-12-09 14:14:59','2015-12-10 04:05:14','邱容','2015-10-28 00:00:00','09:00','[\"复诊\"]',1,'游泳','孕周19，体重55.5kg，血压110/67，腹围81cm，宫高17cm，','六周复查','',1,'',1,'[]',NULL,''),(304,29,9,'2015-12-09 14:16:30','2015-12-10 04:05:06','余润悦','2015-12-09 00:00:00','09:00','[\"复诊\"]',1,'游泳','孕周25，体重60kg，血压114/69，腹围89cm。宫高24cm，','五周复查','',1,'',1,'[{\"next_visit_date\":\"2015-12-02\",\"next_visit_time\":\"08:30\",\"next_order_success\":1,\"next_visit_doctor_name\":\"\",\"next_visit_type\":\"[\\\"胎儿心脏彩超\\\",\\\"胎儿系统彩超\\\"]\",\"next_visit_address\":\"\",\"next_visit_remarks\":\"\"},{\"next_visit_date\":\"2015-12-08\",\"next_visit_time\":\"08:30\",\"next_order_success\":1,\"next_visit_doctor_name\":\"\",\"next_visit_type\":\"[\\\"75G糖\\\"]\",\"next_visit_address\":\"\",\"next_visit_remarks\":\"\"},{\"next_visit_date\":\"2016-01-12\",\"next_visit_time\":\"09:00\",\"next_order_success\":1,\"next_visit_doctor_name\":\"\",\"next_visit_type\":\"[\\\"心电图\\\",\\\"腹部彩超\\\"]\",\"next_visit_address\":\"\",\"next_visit_remarks\":\"\"},{\"next_visit_date\":\"2016-01-13\",\"next_visit_time\":\"09:30\",\"next_order_success\":1,\"next_visit_doctor_name\":\"游泳\",\"next_visit_type\":\"[\\\"复诊\\\"]\",\"next_visit_address\":\"\",\"next_visit_remarks\":\"上午28号\"}]',NULL,''),(305,83,9,'2015-12-09 14:23:28','2015-12-10 05:11:20','陈淘','2015-12-01 00:00:00','08:30','[\"建卡全套\",\"唐氏筛查早\",\"NT彩超\"]',1,'张力','孕周12+5，体重60kg，血压111/75，腹围87cm，宫高7cm，','','',1,'',1,'[]',NULL,''),(306,83,9,'2015-12-09 14:25:06','2015-12-10 05:11:12','吕环宇','2015-12-08 00:00:00','08:30','[\"复诊\"]',1,'张力','孕周12+6，体重61kg，血压111/83，因只是看报告所以未测宫高腹围','四周复查','',1,'',1,'[{\"next_visit_date\":\"2015-12-30\",\"next_visit_time\":\"14:00\",\"next_order_success\":1,\"next_visit_doctor_name\":\"\",\"next_visit_type\":\"[\\\"唐氏筛查中\\\"]\",\"next_visit_address\":\"\",\"next_visit_remarks\":\"\"},{\"next_visit_date\":\"2016-01-19\",\"next_visit_time\":\"15:00\",\"next_order_success\":1,\"next_visit_doctor_name\":\"张力\",\"next_visit_type\":\"[\\\"复诊\\\"]\",\"next_visit_address\":\"\",\"next_visit_remarks\":\"下午21号\"},{\"next_visit_date\":\"2016-02-29\",\"next_visit_time\":\"08:30\",\"next_order_success\":1,\"next_visit_doctor_name\":\"\",\"next_visit_type\":\"[\\\"胎儿心脏彩超\\\",\\\"胎儿系统彩超\\\"]\",\"next_visit_address\":\"\",\"next_visit_remarks\":\"\"}]',NULL,''),(307,29,6,'2015-12-10 04:05:06','2015-12-10 04:05:07','','2015-12-02 23:59:59','08:30','[\"胎儿心脏彩超\",\"胎儿系统彩超\"]',1,'','','','',0,'',0,'',NULL,''),(308,29,6,'2015-12-10 04:05:06','2015-12-10 04:05:08','','2015-12-08 23:59:59','08:30','[\"75G糖\"]',1,'','','','',0,'',0,'',NULL,''),(309,29,6,'2015-12-10 04:05:06','2015-12-10 04:05:09','','2016-01-12 23:59:59','09:00','[\"心电图\",\"腹部彩超\"]',1,'','','','',0,'',0,'',NULL,''),(310,29,6,'2015-12-10 04:05:06','2015-12-10 04:05:10','','2016-01-13 23:59:59','09:30','[\"复诊\"]',1,'游泳','','','上午28号',0,'',0,'',NULL,''),(311,91,6,'2015-12-10 04:29:27','2015-12-10 05:09:37','邱容','2015-12-03 00:00:00','14:00','[\"就诊\",\"NT彩超\"]',1,'綦小蓉','','','',0,'产科',1,'[{\"next_visit_date\":\"2016-01-07\",\"next_visit_time\":\"07:00\",\"next_order_success\":1,\"next_visit_doctor_name\":\"\",\"next_visit_type\":\"[\\\"唐氏筛查中\\\"]\",\"next_visit_address\":\"检验科\",\"next_visit_remarks\":\"\"},{\"next_visit_date\":\"2016-03-03\",\"next_visit_time\":\"09:00\",\"next_order_success\":1,\"next_visit_doctor_name\":\"\",\"next_visit_type\":\"[\\\"胎儿心脏彩超\\\",\\\"胎儿系统彩超\\\"]\",\"next_visit_address\":\"B超\",\"next_visit_remarks\":\"\"}]','2015-12-10 13:05:06','建卡全套血：1）肝肾功：丙氨酸转移酶70，  门冬氨酸氨基转移酶44 2）抗心磷脂抗体3.59，3）输血免疫全套结果正常，4）血型O型，5）甲功：促甲状腺激素-超敏4.0436，6）血常规：白细胞计数10.4 红细胞计数3.79 血红蛋白125 血小板计数169,7）早唐结果：18-三体风险度：1/100000，唐氏综合风险度：1/100000；\nNT彩超：宫内胎儿顶臀长5.21 NT1.0 羊水2.5 宫内单活胎'),(312,9,6,'2015-12-10 05:10:54','2015-12-10 05:10:55','','2015-12-24 23:59:59','10:00','[\"复诊\",\"胎监\",\"腹部彩超\"]',1,'王晓东','','','上午加号',0,'',0,'',NULL,''),(313,9,6,'2015-12-10 05:10:54','2015-12-10 05:10:56','','2015-12-22 23:59:59','15:30','[\"心电图\"]',1,'','','','动态血压监测',0,'',0,'',NULL,''),(314,8,6,'2015-12-10 05:11:02','2015-12-10 05:11:03','','2015-12-24 23:59:59','10:00','[\"胎监\",\"腹部彩超\"]',1,'王晓东','','','上午加号',0,'',0,'',NULL,''),(315,83,6,'2015-12-10 05:11:12','2015-12-10 05:11:13','','2015-12-30 23:59:59','14:00','[\"唐氏筛查中\"]',1,'','','','',0,'',0,'',NULL,''),(316,83,6,'2015-12-10 05:11:12','2015-12-10 05:11:14','','2016-01-19 23:59:59','15:00','[\"复诊\"]',1,'张力','','','下午21号',0,'',0,'',NULL,''),(317,83,6,'2015-12-10 05:11:12','2015-12-10 05:11:15','','2016-02-29 23:59:59','08:30','[\"胎儿心脏彩超\",\"胎儿系统彩超\"]',1,'','','','',0,'',0,'',NULL,''),(318,73,6,'2015-12-10 05:11:27','2015-12-10 05:11:28','','2015-12-29 23:59:59','14:30','[\"复诊\"]',1,'张力','','','下午23号',0,'',0,'',NULL,''),(319,73,6,'2015-12-10 05:11:33','2015-12-10 05:11:34','','2015-11-10 23:59:59','13:30','[\"甲功\",\"唐氏筛查中\"]',1,'','','','',0,'',0,'',NULL,''),(320,75,6,'2015-12-10 05:11:45','2015-12-10 05:11:46','','2015-11-30 23:59:59','09:00','[\"胎儿心脏彩超\",\"胎儿系统彩超\"]',1,'','','','',0,'',0,'',NULL,''),(321,75,6,'2015-12-10 05:11:45','2015-12-10 05:11:47','','2015-12-11 23:59:59','08:30','[\"75G糖\"]',1,'','','','',0,'',0,'',NULL,''),(322,75,3,'2015-12-10 05:11:45','2015-12-14 04:15:23','陈淘','2015-12-14 00:00:00','09:30','[\"复诊\",\"小便常规\"]',1,'游泳','孕周26+5【26】，体重63kg，血压138/81，腹围90cm，宫高24cm','四周复查','上午26号',0,'',1,'[{\"next_visit_date\":\"2016-01-11\",\"next_visit_time\":\"08:30\",\"next_order_success\":1,\"next_visit_doctor_name\":\"游泳\",\"next_visit_type\":\"[\\\"复诊\\\",\\\"心电图\\\",\\\"腹部彩超\\\"]\",\"next_visit_address\":\"\",\"next_visit_remarks\":\"上午31号\"}]',NULL,''),(323,75,6,'2015-12-10 05:11:58','2015-12-10 05:11:59','','2015-10-08 23:59:59','13:30','[\"唐氏筛查中\"]',0,'','','','',0,'',0,'',NULL,''),(324,80,6,'2015-12-10 05:12:12','2015-12-10 05:12:13','','2015-12-16 23:59:59','10:00','[\"复诊\",\"胎监\",\"腹部彩超\"]',1,'游泳','','','上午加号·',0,'',0,'',NULL,''),(325,80,6,'2015-12-10 05:12:41','2015-12-10 05:12:42','','2015-09-14 23:59:59','08:30','[\"75G糖\",\"胎儿心脏彩超\",\"胎儿系统彩超\"]',0,'','','','',0,'',0,'',NULL,''),(326,79,6,'2015-12-10 05:13:00','2015-12-10 05:13:01','','2015-12-15 23:59:59','15:00','[\"胎监\",\"腹部彩超\"]',1,'姚强','','','下午57号',0,'',0,'',NULL,''),(327,79,6,'2015-12-10 05:13:18','2015-12-10 05:13:19','','2015-09-18 23:59:59','08:30','[\"75G糖\",\"胎儿心脏彩超\",\"胎儿系统彩超\"]',1,'','','','',0,'',0,'',NULL,''),(328,78,6,'2015-12-10 05:13:38','2015-12-10 05:13:39','','2015-12-22 23:59:59','08:30','[\"75G糖\",\"胎儿心脏彩超\",\"胎儿系统彩超\"]',1,'','','','',0,'',0,'',NULL,''),(329,78,6,'2015-12-10 05:13:38','2015-12-10 05:13:40','','2016-01-07 23:59:59','14:30','[\"复诊\"]',1,'姚强','','','下午16号',0,'',0,'',NULL,''),(330,77,6,'2015-12-10 05:14:02','2015-12-10 05:14:03','','2015-12-18 23:59:59','15:00','[\"腹部彩超\"]',1,'','','','当天挂优生遗传教授',0,'',0,'',NULL,''),(331,77,6,'2015-12-10 05:14:09','2015-12-10 05:14:10','','2015-11-20 23:59:59','08:30','[\"75G糖\",\"胎儿心脏彩超\",\"胎儿系统彩超\"]',1,'','','','',0,'',0,'',NULL,''),(332,77,6,'2015-12-10 05:17:59','2015-12-10 05:17:59','','2015-12-29 23:59:59','15:00','[\"复诊\"]',1,'胡雅毅','','','下午45号',0,'产科',0,'',NULL,''),(333,67,6,'2015-12-10 05:22:07','2015-12-10 05:22:08','','2016-02-17 23:59:59','09:00','[\"胎儿心脏彩超\",\"胎儿系统彩超\"]',1,'','','','',0,'B超',0,'',NULL,''),(334,67,6,'2015-12-10 05:22:07','2015-12-10 05:22:09','','2015-12-24 23:59:59','16:30','[\"复诊\"]',1,'姚强','','','下午加号',0,'',0,'',NULL,''),(335,67,6,'2015-12-10 05:22:07','2015-12-10 05:22:10','','2015-12-15 23:59:59','14:00','[\"唐氏筛查中\"]',1,'','','','',0,'检验科',0,'',NULL,''),(336,71,6,'2015-12-10 05:23:04','2015-12-10 05:23:05','','2016-01-13 23:59:59','13:30','[\"复诊\",\"胎儿心脏彩超\",\"胎儿系统彩超\"]',1,'张力','','','上午16号',0,'',0,'',NULL,''),(337,71,6,'2015-12-10 05:23:09','2015-12-10 05:23:10','','2015-11-17 23:59:59','13:30','[\"唐氏筛查中\"]',1,'','','','',0,'',0,'',NULL,''),(338,63,6,'2015-12-10 05:23:22','2015-12-10 05:23:23','','2015-12-22 23:59:59','08:30','[\"心电图\",\"胎监\",\"腹部彩超\"]',1,'姚强','','','下午22号',0,'',0,'',NULL,''),(339,63,6,'2015-12-10 05:23:26','2015-12-10 05:23:27','','2015-10-19 23:59:59','08:30','[\"75G糖\"]',1,'','','','',0,'',0,'',NULL,''),(340,63,6,'2015-12-10 05:23:35','2015-12-10 05:23:36','','2015-09-21 23:59:59','08:30','[\"凝血功能\",\"血常规\",\"腹部彩超\"]',1,'','','','羊穿前检查',0,'',0,'',NULL,''),(341,63,6,'2015-12-10 05:23:35','2015-12-10 05:23:37','','2015-09-22 23:59:59','08:00','[\"羊水穿刺\"]',1,'','','','',0,'',0,'',NULL,''),(342,59,6,'2015-12-10 05:23:39','2015-12-10 05:23:40','','2015-12-22 23:59:59','08:30','[\"75G糖\",\"胎儿心脏彩超\",\"胎儿系统彩超\"]',1,'','','','',0,'',0,'',NULL,''),(343,59,6,'2015-12-10 05:24:22','2015-12-10 05:24:23','','2015-12-26 23:59:59','13:30','[\"唐氏筛查中\"]',1,'','','','',0,'',0,'',NULL,''),(344,59,6,'2015-12-10 05:24:27','2015-12-10 05:24:28','','2015-10-26 23:59:59','13:30','[\"唐氏筛查中\"]',1,'','','','',0,'',0,'',NULL,''),(345,55,9,'2015-12-10 05:24:37','2015-12-13 11:11:58','陈淘','2015-12-14 00:00:00','08:30','[\"胎监\",\"脐血流\"]',1,'游泳','已于2015.12.11凌晨2点入院。','','上午加号',1,'',1,'[]',NULL,''),(346,27,6,'2015-12-10 05:24:55','2015-12-10 05:24:56','','2015-12-16 23:59:59','15:30','[\"胎监\",\"脐血流\"]',1,'周蓉','','','加号',0,'产科',0,'',NULL,''),(347,84,6,'2015-12-10 05:32:58','2015-12-10 05:45:04','邱容','2015-06-09 00:00:00','14:00','[\"建卡全套\",\"就诊\",\"NT彩超\"]',1,'彭冰','孕周12 体重63 血压108/78 宫高10 腹围76','','',1,'产科',1,'[]',NULL,''),(348,84,6,'2015-12-10 05:34:15','2015-12-10 05:44:59','邱容','2015-07-04 00:00:00','14:00','[\"复诊\"]',1,'彭冰','孕周15+4 体重63 血压103/72 腹围81 宫高13','6周复查','',1,'产科',1,'[]',NULL,''),(349,84,6,'2015-12-10 05:35:20','2015-12-10 05:44:55','邱容','2015-08-25 00:00:00','14:30','[\"复诊\"]',1,'彭冰','孕周21+4 体重68.5  血压120/78 腹围89 宫高19','5周复诊','',1,'产科',1,'[]',NULL,''),(350,84,6,'2015-12-10 05:37:22','2015-12-10 05:44:52','李瑞雪','2015-10-27 00:00:00','14:30','[\"复诊\"]',1,'彭冰','孕周26+4 体重70 血压107/69 腹围93 宫高24','4周复诊','',1,'产科',1,'[]',NULL,''),(351,84,6,'2015-12-10 05:39:48','2015-12-10 05:44:47','李瑞雪','2015-10-27 00:00:00','14:30','[\"复诊\"]',1,'彭冰','孕周30+4 体重72 血压106/73 宫高29 腹围95 ','3周复诊','',1,'产科',1,'[]',NULL,''),(352,84,6,'2015-12-10 05:41:16','2015-12-10 05:44:43','陈淘','2015-11-17 00:00:00','15:00','[\"复诊\"]',1,'彭冰','孕周33+4 体重74 血压106/73 腹围98 宫高31','2周复诊','',1,'产科',1,'[]',NULL,''),(353,84,6,'2015-12-10 05:42:28','2015-12-10 05:44:38','李瑞雪','2015-12-01 00:00:00','15:00','[\"复诊\"]',1,'彭冰','孕周35+4 体重75 血压104/64 腹围101 宫高32','','',1,'产科',1,'[{\"next_visit_date\":\"2015-12-15\",\"next_visit_time\":\"15:00\",\"next_order_success\":0,\"next_visit_doctor_name\":\"彭冰\",\"next_visit_type\":\"[\\\"复诊\\\",\\\"胎监\\\",\\\"脐血流\\\",\\\"腹部彩超\\\"]\",\"next_visit_address\":\"产科\",\"next_visit_remarks\":\"加号\"}]',NULL,''),(354,84,6,'2015-12-10 05:44:38','2015-12-10 05:44:39','','2015-12-15 23:59:59','15:00','[\"复诊\",\"胎监\",\"脐血流\",\"腹部彩超\"]',0,'彭冰','','','加号',0,'产科',0,'',NULL,''),(355,85,6,'2015-12-10 05:50:18','2015-12-10 06:00:42','李瑞雪','2015-07-28 00:00:00','08:30','[\"就诊\",\"唐氏筛查早\",\"NT彩超\"]',1,'彭冰','孕周12+1 腹围83 宫高7 血压109/51 体重57 ','','',1,'产科',1,'[]',NULL,''),(356,85,6,'2015-12-10 05:52:05','2015-12-10 06:00:48','陈淘','2015-09-08 00:00:00','14:00','[\"复诊\"]',1,'彭冰','孕周18+1 体重59 血压111/72 腹围85 宫高15','6周复诊','',1,'产科',1,'[]',NULL,''),(357,85,6,'2015-12-10 05:53:12','2015-12-10 06:00:52','陈淘','2015-10-20 00:00:00','14:00','[\"复诊\"]',1,'彭冰','孕周24+1 体重64 血压107/74 宫高23 腹围90','5周复诊','',1,'产科',1,'[]',NULL,''),(358,85,6,'2015-12-10 05:54:18','2015-12-10 06:00:57','陈淘','2015-11-24 00:00:00','15:00','[\"复诊\"]',1,'彭冰','孕周29+1 体重65 血压101/71 腹围91 宫高26','3周复诊','',1,'产科',1,'[]',NULL,''),(359,85,6,'2015-12-10 05:55:26','2015-12-10 06:00:27','陈淘','2015-12-08 00:00:00','15:00','[\"复诊\"]',1,'彭冰','孕周31+1 体重66 血压109/76 腹围73 宫高28','3周复诊','',1,'产科',1,'[{\"next_visit_date\":\"2015-12-29\",\"next_visit_time\":\"08:00\",\"next_order_success\":1,\"next_visit_doctor_name\":\"彭冰\",\"next_visit_type\":\"[\\\"复诊\\\",\\\"心电图\\\",\\\"胎监\\\",\\\"脐血流\\\",\\\"肝功\\\",\\\"胆汁酸\\\"]\",\"next_visit_address\":\"产科\",\"next_visit_remarks\":\"上午抽血，下午复诊\"}]',NULL,''),(360,85,6,'2015-12-10 06:00:27','2015-12-10 06:00:28','','2015-12-29 23:59:59','08:00','[\"复诊\",\"心电图\",\"胎监\",\"脐血流\",\"肝功\",\"胆汁酸\"]',1,'彭冰','','','上午抽血，下午复诊',0,'产科',0,'',NULL,''),(361,86,6,'2015-12-10 06:08:25','2015-12-10 06:12:44','王君','2015-06-30 00:00:00','08:30','[\"建卡全套\",\"就诊\",\"NT彩超\"]',1,'张力','孕周12+1','','',1,'产科',1,'[]',NULL,''),(362,86,6,'2015-12-10 06:10:09','2015-12-10 06:12:40','陈淘','2016-07-28 00:00:00','09:30','[\"复诊\"]',1,'张力','孕周17+2','','客户34周已转院生产，病例客户已取走，王君12-10',1,'产科',1,'[]',NULL,''),(363,82,6,'2015-12-10 06:17:17','2015-12-11 08:10:48','邱容','2015-06-08 00:00:00','14:00','[\"建卡全套\",\"就诊\",\"NT彩超\"]',1,'胡雅毅','孕周11+5 体重45 血压98/61 腹围76 宫高7','','',1,'产科',1,'[]',NULL,''),(364,92,3,'2015-12-10 06:17:28','2015-12-11 08:12:07','李瑞雪','2015-08-03 00:00:00','09:30','[\"建卡全套\",\"血常规\",\"小便常规\",\"肝功\",\"肾功\",\"空腹血糖\",\"铁蛋白\",\"输血免疫全套\",\"甲功\",\"胆汁酸\",\"血型\",\"血型抗价\",\"唐氏筛查早\",\"NT彩超\"]',1,'王晓东','孕周11+6，体重49KG，血压100/59，宫高9CM,腹围76CM.\n','四周产检','',1,'产科',1,'[{\"next_visit_date\":\"2015-10-26\",\"next_visit_time\":\"08:30\",\"next_order_success\":0,\"next_visit_doctor_name\":\"\",\"next_visit_type\":\"[\\\"75G糖\\\",\\\"胎儿心脏彩超\\\",\\\"胎儿系统彩超\\\"]\",\"next_visit_address\":\"\",\"next_visit_remarks\":\"\"},{\"next_visit_date\":\"2015-09-08\",\"next_visit_time\":\"09:30\",\"next_order_success\":1,\"next_visit_doctor_name\":\"\",\"next_visit_type\":\"[\\\"唐氏筛查中\\\"]\",\"next_visit_address\":\"\",\"next_visit_remarks\":\"\"}]',NULL,''),(365,82,6,'2015-12-10 06:18:31','2015-12-11 08:10:58','陈淘','2015-06-26 00:00:00','14:00','[\"复诊\"]',1,'胡雅毅','孕周14+1 体重47 血压104/73 腹围78  宫高12','','',1,'产科',1,'[]',NULL,''),(366,82,6,'2015-12-10 06:19:35','2015-12-11 08:11:04','陈淘','2015-07-30 00:00:00','15:00','[\"复诊\"]',1,'胡雅毅','孕周19+1 体重48.5 血压104/76 腹围81 宫高16','','',1,'产科',1,'[]',NULL,''),(367,82,6,'2015-12-10 06:20:36','2015-12-11 08:11:12','李瑞雪','2015-09-07 00:00:00','15:00','[\"复诊\"]',1,'胡雅毅','孕周24+5 体重52.5 血压139/80 腹围84 宫高24 ','','',1,'产科',1,'[]',NULL,''),(368,82,6,'2015-12-10 06:21:37','2015-12-11 08:11:19','李瑞雪','2015-09-28 00:00:00','15:00','[\"复诊\"]',1,'胡雅毅','孕周27+5 体重55 血压103/69 宫高25 腹围89','','',1,'产科',1,'[]',NULL,''),(369,82,6,'2015-12-10 06:22:35','2015-12-11 08:11:26','陈淘','2015-10-19 00:00:00','15:00','[\"复诊\"]',1,'胡雅毅','孕周30+5 体重56.5 血压107/74腹围94 宫高28 ','','',1,'产科',1,'[]',NULL,''),(370,82,6,'2015-12-10 06:23:28','2015-12-11 08:11:32','陈淘','2015-11-03 00:00:00','15:00','[\"复诊\"]',1,'胡雅毅','孕周32+6 体重59 血压113/76 腹围96 宫高31','','',1,'产科',1,'[]',NULL,''),(371,82,6,'2015-12-10 06:24:51','2015-12-11 08:11:38','陈淘','2015-11-17 00:00:00','15:00','[\"复诊\"]',1,'胡雅毅','孕周34+6 体重59 血压103/69 腹围95 宫高33','','',1,'产科',1,'[]',NULL,''),(372,82,6,'2015-12-10 06:26:08','2015-12-11 08:11:44','陈淘','2015-11-24 00:00:00','15:00','[\"复诊\",\"胎监\",\"脐血流\"]',1,'胡雅毅','孕周35+6 体重60 血压113/79 腹围100 宫高33；\n胎监脐血流正常；\n','','',1,'产科',1,'[]',NULL,''),(373,82,6,'2015-12-10 06:28:02','2015-12-11 08:11:50','陈淘','2015-12-01 00:00:00','15:00','[\"复诊\",\"胎监\",\"脐血流\"]',1,'胡雅毅','孕周36+6 体重60.5 血压113/79 腹围100 宫高33','','',1,'产科',1,'[]',NULL,''),(374,82,6,'2015-12-10 06:28:53','2015-12-11 08:12:37','陈淘','2015-12-08 00:00:00','15:00','[\"复诊\"]',1,'胡雅毅','孕周37+6 体重61.5 血压107/74 腹围101 宫高33\n','','',1,'产科',1,'[{\"next_visit_date\":\"2015-12-16\",\"next_visit_time\":\"09:00\",\"next_order_success\":0,\"next_visit_doctor_name\":\"\",\"next_visit_type\":\"[\\\"胎监\\\",\\\"腹部彩超\\\"]\",\"next_visit_address\":\"B超\",\"next_visit_remarks\":\"\"},{\"next_visit_date\":\"2015-12-17\",\"next_visit_time\":\"08:00\",\"next_order_success\":0,\"next_visit_doctor_name\":\"\",\"next_visit_type\":\"[\\\"就诊\\\"]\",\"next_visit_address\":\"入院\",\"next_visit_remarks\":\"\"}]',NULL,''),(375,92,3,'2015-12-10 06:31:44','2015-12-11 08:12:15','李瑞雪','2015-08-20 00:00:00','09:30','[\"就诊\"]',1,'王晓东','孕周14+2，体重50KG,血压98/62，看报告。','四周复查','',1,'产科',1,'[]',NULL,''),(376,92,3,'2015-12-10 06:35:38','2015-12-11 08:12:22','李瑞雪','2015-09-17 00:00:00','09:30','[\"复诊\"]',1,'王晓东','孕周18+2，体重51KG，血压103/64，宫高16CM,腹围80CM.','四周复查','',1,'产科',1,'[]',NULL,''),(377,87,6,'2015-12-10 06:39:26','2015-12-11 08:12:46','陈淘','2015-07-14 00:00:00','14:30','[\"建卡全套\",\"就诊\",\"NT彩超\"]',1,'彭冰','孕周13+1 体重63 宫高9 腹围82 ','','',1,'产科',1,'[]',NULL,''),(378,92,3,'2015-12-10 06:39:56','2015-12-11 08:13:35','李瑞雪','2015-10-15 00:00:00','09:30','[\"复诊\"]',1,'王晓东','孕周22+2，体重52KG,血压99/67，宫高16CM,腹围82CM.','','',1,'产科',1,'[]',NULL,''),(379,87,6,'2015-12-10 06:40:28','2015-12-11 08:12:53','陈淘','2015-08-18 00:00:00','14:30','[\"复诊\"]',1,'彭冰','孕周18+1 体重66 血压124/83 腹围86 宫高15','','',1,'产科',1,'[]',NULL,''),(380,87,6,'2015-12-10 06:41:28','2015-12-11 08:13:00','陈淘','2015-09-22 00:00:00','14:30','[\"复诊\"]',1,'彭冰','孕周23+1 体重67 血压110/74 腹围90 宫高21','','',1,'产科',1,'[]',NULL,''),(381,87,6,'2015-12-10 06:42:14','2015-12-11 08:13:07','李瑞雪','2015-10-27 00:00:00','14:30','[\"复诊\"]',1,'彭冰','孕周28+1 体重69 血压120/81 腹围95 宫高27 ','3周复诊','',1,'产科',1,'[]',NULL,''),(382,87,6,'2015-12-10 06:43:20','2015-12-11 08:13:13','陈淘','2015-11-17 00:00:00','14:30','[\"复诊\"]',1,'彭冰','孕周31+1 体重71 血压120/81 腹围95 宫高27 ','3周复诊','',1,'产科',1,'[]',NULL,''),(383,87,6,'2015-12-10 06:44:16','2015-12-10 06:46:12','陈淘','2015-12-08 00:00:00','14:30','[\"复诊\"]',1,'彭冰','孕周34+1 体重73 血压133/99 宫高31 腹围99 \n胎监脐血流正常','','',1,'产科',1,'[{\"next_visit_date\":\"2015-12-15\",\"next_visit_time\":\"15:00\",\"next_order_success\":0,\"next_visit_doctor_name\":\"彭冰\",\"next_visit_type\":\"[\\\"复诊\\\",\\\"胎监\\\",\\\"小便常规\\\"]\",\"next_visit_address\":\"产科\",\"next_visit_remarks\":\"加号\"}]',NULL,''),(384,87,6,'2015-12-10 06:46:12','2015-12-10 06:46:13','','2015-12-15 23:59:59','15:00','[\"复诊\",\"胎监\",\"小便常规\"]',0,'彭冰','','','加号',0,'产科',0,'',NULL,''),(385,88,6,'2015-12-10 07:03:12','2015-12-13 11:17:47','邱容','2015-09-28 00:00:00','14:00','[\"建卡全套\",\"就诊\",\"唐氏筛查早\",\"NT彩超\"]',1,'胡雅毅','孕周12+1 体重58 宫高7 腹围90 血压114/81','','',1,'产科',1,'[]',NULL,''),(386,88,6,'2015-12-10 07:04:44','2015-12-11 08:13:27','陈淘','2015-11-03 00:00:00','14:00','[\"复诊\"]',1,'胡雅毅','孕周17+2 体重60 血压99/70 宫高16 腹围92 ','','',1,'产科',1,'[]',NULL,''),(387,88,6,'2015-12-10 07:05:36','2015-12-10 07:09:01','陈淘','2015-12-08 00:00:00','15:00','[\"复诊\"]',1,'胡雅毅','孕周22+2 体重63.5 血压107/71 宫高20 服务98','','',1,'',1,'[{\"next_visit_date\":\"2015-12-22\",\"next_visit_time\":\"08:30\",\"next_order_success\":1,\"next_visit_doctor_name\":\"\",\"next_visit_type\":\"[\\\"75G糖\\\",\\\"胎儿心脏彩超\\\",\\\"胎儿系统彩超\\\"]\",\"next_visit_address\":\"检验科 B超\",\"next_visit_remarks\":\"\"},{\"next_visit_date\":\"2016-01-12\",\"next_visit_time\":\"15:00\",\"next_order_success\":1,\"next_visit_doctor_name\":\"胡雅毅\",\"next_visit_type\":\"[\\\"复诊\\\"]\",\"next_visit_address\":\"产科\",\"next_visit_remarks\":\"下午24号\"}]',NULL,''),(388,92,3,'2015-12-10 07:07:23','2015-12-13 11:17:43','李瑞雪','2015-11-12 00:00:00','07:00','[\"复诊\"]',1,'王晓东','孕周26+2，体重54.5KG，血压105/65，宫高19CM,腹围82CM。','四周复查，营养门诊。','',1,'',1,'[]',NULL,''),(389,88,6,'2015-12-10 07:09:01','2015-12-10 07:09:02','','2015-12-22 23:59:59','08:30','[\"75G糖\",\"胎儿心脏彩超\",\"胎儿系统彩超\"]',1,'','','','',0,'检验科 B超',0,'',NULL,''),(390,88,6,'2015-12-10 07:09:01','2015-12-10 07:09:03','','2016-01-12 23:59:59','15:00','[\"复诊\"]',1,'胡雅毅','','','下午24号',0,'产科',0,'',NULL,''),(391,89,6,'2015-12-10 07:11:44','2015-12-13 11:17:36','邱容','2015-05-18 00:00:00','14:00','[\"建卡全套\",\"就诊\",\"唐氏筛查早\",\"NT彩超\"]',1,'彭冰','孕周10+6 血压106/68 体重65 ','','',1,'产科',1,'[]',NULL,''),(392,92,3,'2015-12-10 07:12:53','2015-12-13 11:16:09','余润悦','2015-12-10 00:00:00','09:00','[\"复诊\"]',1,'王晓东','孕周30+2，体重54KG ,血压114/76，宫高25CM,腹围86CM。','B超显示胎儿偏小，建议调整饮食结构，增加蛋白质饮食。','王晓东停诊，换余海燕看诊。',1,'产科',1,'[{\"next_visit_date\":\"2015-12-17\",\"next_visit_time\":\"10:30\",\"next_order_success\":0,\"next_visit_doctor_name\":\"王晓东\",\"next_visit_type\":\"[\\\"胎监\\\"]\",\"next_visit_address\":\"\",\"next_visit_remarks\":\"加号\"}]',NULL,''),(393,89,6,'2015-12-10 07:12:55','2015-12-13 11:17:32','邱容','2015-06-16 00:00:00','14:00','[\"复诊\"]',1,'彭冰','孕周14+2 体重63.5 血压108/69 腹围85 宫高13 ','','',1,'产科',1,'[]',NULL,''),(394,89,6,'2015-12-10 07:13:43','2015-12-13 11:17:28','邱容','2015-07-14 00:00:00','15:00','[\"复诊\"]',1,'彭冰','孕周18+2 体重63.5 血压122/77 腹围86 宫高15','','',1,'产科',1,'[]',NULL,''),(395,89,6,'2015-12-10 07:16:43','2015-12-13 11:17:24','陈淘','2015-08-13 00:00:00','15:00','[\"复诊\"]',1,'彭冰','孕周22+2 体重66.5 血压120/75 腹围90 宫高20','','',1,'产科',1,'[]',NULL,''),(396,89,6,'2015-12-10 07:17:29','2015-12-13 11:16:16','李瑞雪','2015-09-24 00:00:00','15:00','[\"复诊\"]',1,'彭冰','孕周28+2 体重68.5 血压111/72 腹围95 宫高27 ','','',1,'产科',1,'[]',NULL,''),(397,89,6,'2015-12-10 07:18:18','2015-12-13 11:16:02','李瑞雪','2015-10-20 00:00:00','15:00','[\"复诊\"]',1,'彭冰','孕周32 体重70 血压116/74 腹围99 宫高30','','',1,'产科',1,'[]',NULL,''),(398,89,6,'2015-12-10 07:19:05','2015-12-13 11:15:58','李瑞雪','2015-11-05 00:00:00','15:00','[\"复诊\"]',1,'彭冰','孕周34+2  体重73 血压121/81 宫高30 腹围100','','',1,'产科',1,'[]',NULL,''),(399,89,6,'2015-12-10 07:20:11','2015-12-13 11:15:53','李瑞雪','2015-11-17 00:00:00','15:00','[\"复诊\"]',1,'彭冰','孕周36 体重72 血压126/85 腹围101 宫高31','','',1,'产科',1,'[]',NULL,''),(400,89,6,'2015-12-10 07:21:08','2015-12-13 11:15:49','李瑞雪','2015-11-24 00:00:00','15:00','[\"复诊\"]',1,'彭冰','孕周37 体重73 血压126/76 腹围101 宫高33 ','','',1,'产科',1,'[]',NULL,''),(401,89,6,'2015-12-10 07:23:05','2015-12-13 11:15:45','陈淘','2015-12-01 00:00:00','15:00','[\"复诊\"]',1,'彭冰','孕周38 体重74 血压122/76 腹围102 宫高32','','',1,'产科',1,'[]',NULL,''),(402,89,6,'2015-12-10 07:24:18','2015-12-10 07:31:19','陈淘','2015-12-08 00:00:00','15:00','[\"复诊\"]',1,'胡雅毅','孕周39 体重74 血压134/78 腹围103 宫高33','','',1,'产科',1,'[{\"next_visit_date\":\"2015-12-15\",\"next_visit_time\":\"15:30\",\"next_order_success\":0,\"next_visit_doctor_name\":\"彭冰\",\"next_visit_type\":\"[\\\"复诊\\\",\\\"胎监\\\",\\\"脐血流\\\"]\",\"next_visit_address\":\"产科\",\"next_visit_remarks\":\"加号\"}]',NULL,''),(409,89,6,'2015-12-10 07:30:15','2015-12-10 07:30:16','','2015-12-15 23:59:59','15:30','[\"复诊\",\"胎监\",\"脐血流\"]',0,'彭冰','','','加号',0,'产科',0,'',NULL,''),(416,90,6,'2015-12-10 07:34:06','2015-12-13 11:15:37','邱容','2015-06-26 00:00:00','07:00','[\"建卡全套\",\"就诊\",\"唐氏筛查早\",\"NT彩超\"]',1,'游泳','孕周12+3 腹围73 宫高9 血压106/71  体重49','','',1,'',1,'[]',NULL,''),(417,90,6,'2015-12-10 07:42:54','2015-12-13 11:15:34','陈淘','2015-07-13 00:00:00','11:00','[\"复诊\"]',1,'游泳','孕周14+6 体重51 血压135/82 腹围78 宫高10','','',1,'产科',1,'[]',NULL,''),(418,90,6,'2015-12-10 07:44:16','2015-12-13 11:15:29','邱容','2015-08-12 00:00:00','09:30','[\"复诊\"]',1,'游泳','孕周19+1 体重52 血压109/69 腹围78 宫高15','','',1,'产科',1,'[]',NULL,''),(419,90,6,'2015-12-10 07:46:01','2015-12-13 11:15:24','李瑞雪','2015-08-24 00:00:00','09:30','[\"复诊\"]',1,'游泳','孕周20+6 体重53 血压98/63 腹围80 宫高17','','',1,'产科',1,'[]',NULL,''),(420,90,6,'2015-12-10 07:47:10','2015-12-13 11:15:19','李瑞雪','2015-09-21 00:00:00','09:30','[\"复诊\"]',1,'游泳','孕周24+6 体重56 血压100/63 服务84 宫高21','','',1,'产科',1,'[]',NULL,''),(421,90,6,'2015-12-10 07:48:08','2015-12-13 11:15:14','李瑞雪','2015-10-19 00:00:00','09:30','[\"复诊\"]',1,'游泳','孕周28+6 体重59 血压104/65 腹围90 宫高27 ','','',1,'产科',1,'[]',NULL,''),(422,90,6,'2015-12-10 07:48:57','2015-12-13 11:13:48','李瑞雪','2015-11-09 00:00:00','09:30','[\"复诊\"]',1,'游泳','孕周31+6 体重60 血压102/63 腹围91 宫高29','','',1,'产科',1,'[]',NULL,''),(423,90,6,'2015-12-10 07:49:43','2015-12-10 07:54:03','陈淘','2015-11-30 00:00:00','09:30','[\"复诊\"]',1,'游泳','孕周34+6 体重63 血压96/67 腹围96 宫高23','','',1,'产科',1,'[{\"next_visit_date\":\"2015-12-16\",\"next_visit_time\":\"10:30\",\"next_order_success\":0,\"next_visit_doctor_name\":\"游泳\",\"next_visit_type\":\"[\\\"复诊\\\",\\\"胎监\\\",\\\"脐血流\\\",\\\"腹部彩超\\\"]\",\"next_visit_address\":\"产科\",\"next_visit_remarks\":\"加号\"}]',NULL,''),(424,90,6,'2015-12-10 07:54:03','2015-12-10 07:54:04','','2015-12-16 23:59:59','10:30','[\"复诊\",\"胎监\",\"脐血流\",\"腹部彩超\"]',0,'游泳','','','加号',0,'产科',0,'',NULL,''),(425,57,6,'2015-12-10 07:57:58','2015-12-10 08:05:15','邱容','2015-12-09 00:00:00','11:00','[\"就诊\"]',1,'邢爱耘','孕周11+3 体重51 腹围71 宫高8 ','','当然加号建卡',1,'产科',1,'[{\"next_visit_date\":\"2016-01-13\",\"next_visit_time\":\"13:30\",\"next_order_success\":1,\"next_visit_doctor_name\":\"\",\"next_visit_type\":\"[\\\"小便常规\\\",\\\"唐氏筛查中\\\"]\",\"next_visit_address\":\"\",\"next_visit_remarks\":\"\"},{\"next_visit_date\":\"2016-03-07\",\"next_visit_time\":\"09:00\",\"next_order_success\":1,\"next_visit_doctor_name\":\" \",\"next_visit_type\":\"[\\\"胎儿心脏彩超\\\",\\\"胎儿系统彩超\\\"]\",\"next_visit_address\":\" \",\"next_visit_remarks\":\"\"},{\"next_visit_date\":\"2016-01-13\",\"next_visit_time\":\"09:30\",\"next_order_success\":1,\"next_visit_doctor_name\":\"邢爱耘\",\"next_visit_type\":\"[\\\"复诊\\\"]\",\"next_visit_address\":\"产科\",\"next_visit_remarks\":\"上午30号\"}]',NULL,''),(426,57,6,'2015-12-10 08:05:15','2015-12-10 08:05:16','','2016-01-13 23:59:59','13:30','[\"小便常规\",\"唐氏筛查中\"]',1,'','','','',0,'',0,'',NULL,''),(427,57,6,'2015-12-10 08:05:15','2015-12-10 08:05:17','','2016-03-07 23:59:59','09:00','[\"胎儿心脏彩超\",\"胎儿系统彩超\"]',1,' ','','','',0,' ',0,'',NULL,''),(428,57,6,'2015-12-10 08:05:15','2015-12-10 08:05:18','','2016-01-13 23:59:59','09:30','[\"复诊\"]',1,'邢爱耘','','','上午30号',0,'产科',0,'',NULL,''),(429,79,3,'2015-12-10 09:18:16','2015-12-10 09:18:16','','2015-12-10 23:59:59','12:00','[\"复诊\"]',0,'','','','听课',0,'',0,'',NULL,''),(430,14,6,'2015-12-10 12:26:28','2015-12-10 12:26:29','','2016-01-14 23:59:59','15:00','[\"复诊\",\"小便常规\"]',1,'姚强','','','下午27号',0,'产科',0,'',NULL,''),(431,69,9,'2015-12-11 04:23:33','2015-12-11 08:05:42','陈淘','2015-11-09 00:00:00','07:00','[\"建卡全套\",\"唐氏筛查早\"]',1,'','','','',1,'',1,'[{\"next_visit_date\":\"2016-01-26\",\"next_visit_time\":\"14:00\",\"next_order_success\":1,\"next_visit_doctor_name\":\"\",\"next_visit_type\":\"[\\\"胎儿心脏彩超\\\",\\\"胎儿系统彩超\\\"]\",\"next_visit_address\":\"\",\"next_visit_remarks\":\"\"}]',NULL,''),(432,81,9,'2015-12-11 04:40:24','2015-12-11 08:05:34','邱容','2015-10-12 00:00:00','09:00','[\"建卡全套\",\"唐氏筛查早\"]',1,'','','','',1,'',1,'[{\"next_visit_date\":\"2016-01-04\",\"next_visit_time\":\"09:00\",\"next_order_success\":1,\"next_visit_doctor_name\":\"\",\"next_visit_type\":\"[\\\"胎儿心脏彩超\\\",\\\"胎儿系统彩超\\\"]\",\"next_visit_address\":\"\",\"next_visit_remarks\":\"\"},{\"next_visit_date\":\"2015-12-14\",\"next_visit_time\":\"09:30\",\"next_order_success\":1,\"next_visit_doctor_name\":\"游泳\",\"next_visit_type\":\"[\\\"就诊\\\"]\",\"next_visit_address\":\"\",\"next_visit_remarks\":\"22号\"}]',NULL,''),(433,50,6,'2015-12-11 04:45:40','2015-12-13 11:08:09','邱容','2015-08-11 00:00:00','09:00','[\"建卡全套\",\"唐氏筛查早\"]',1,'游泳','孕周11+5，体重62KG,血压128/85，宫高8CM,腹围91CM.','','',1,'产科',1,'[]',NULL,''),(434,81,6,'2015-12-11 08:05:34','2015-12-11 08:05:35','','2016-01-04 23:59:59','09:00','[\"胎儿心脏彩超\",\"胎儿系统彩超\"]',1,'','','','',0,'',0,'',NULL,''),(435,81,3,'2015-12-11 08:05:34','2015-12-14 04:20:27','陈淘','2015-12-14 00:00:00','09:30','[\"就诊\"]',1,'游泳','孕周20+2，体重70.5kg，血压110/80，腹围88cm，宫高19cm，','五周复查','22号',0,'',1,'[{\"next_visit_date\":\"2016-01-04\",\"next_visit_time\":\"09:00\",\"next_order_success\":1,\"next_visit_doctor_name\":\"\",\"next_visit_type\":\"[\\\"胎儿心脏彩超\\\",\\\"胎儿系统彩超\\\"]\",\"next_visit_address\":\"\",\"next_visit_remarks\":\"\"},{\"next_visit_date\":\"2016-01-15\",\"next_visit_time\":\"08:30\",\"next_order_success\":1,\"next_visit_doctor_name\":\"\",\"next_visit_type\":\"[\\\"75G糖\\\"]\",\"next_visit_address\":\"\",\"next_visit_remarks\":\"\"},{\"next_visit_date\":\"2016-01-18\",\"next_visit_time\":\"09:00\",\"next_order_success\":1,\"next_visit_doctor_name\":\"\",\"next_visit_type\":\"[\\\"复诊\\\"]\",\"next_visit_address\":\"\",\"next_visit_remarks\":\"上午29号\"}]',NULL,''),(436,69,6,'2015-12-11 08:05:42','2015-12-11 08:05:43','','2016-01-26 23:59:59','14:00','[\"胎儿心脏彩超\",\"胎儿系统彩超\"]',1,'','','','',0,'',0,'',NULL,''),(437,92,6,'2015-12-11 08:12:07','2015-12-11 08:12:08','','2015-10-26 23:59:59','08:30','[\"75G糖\",\"胎儿心脏彩超\",\"胎儿系统彩超\"]',0,'','','','',0,'',0,'',NULL,''),(438,92,6,'2015-12-11 08:12:07','2015-12-11 08:12:09','','2015-09-08 23:59:59','09:30','[\"唐氏筛查中\"]',1,'','','','',0,'',0,'',NULL,''),(439,82,6,'2015-12-11 08:12:37','2015-12-11 08:12:38','','2015-12-16 23:59:59','09:00','[\"胎监\",\"腹部彩超\"]',0,'','','','',0,'B超',0,'',NULL,''),(440,82,6,'2015-12-11 08:12:37','2015-12-11 08:12:39','','2015-12-17 23:59:59','08:00','[\"就诊\"]',0,'','','','',0,'入院',0,'',NULL,''),(441,3,6,'2015-12-13 11:08:20','2015-12-13 11:08:21','','2015-12-15 23:59:59','07:00','[\"唐氏筛查中\"]',0,'','','','',0,'',0,'',NULL,''),(442,3,6,'2015-12-13 11:08:20','2015-12-13 11:08:22','','2016-02-05 23:59:59','14:30','[\"胎儿心脏彩超\",\"胎儿系统彩超\"]',1,'','','','',0,'',0,'',NULL,''),(443,24,6,'2015-12-13 11:10:53','2015-12-13 11:10:54','','2016-02-02 23:59:59','07:00','[\"胎儿心脏彩超\",\"胎儿系统彩超\"]',1,'','','','',0,'',0,'',NULL,''),(444,30,6,'2015-12-13 11:12:08','2015-12-13 11:12:09','','2015-12-17 23:59:59','15:00','[\"复诊\",\"胎监\",\"腹部彩超\"]',1,'彭冰','','','下午加号',0,'',0,'',NULL,''),(445,13,6,'2015-12-13 11:13:39','2015-12-13 11:13:40','','2015-12-17 23:59:59','09:30','[\"胎监\",\"腹部彩超\"]',1,'','','','',0,'',0,'',NULL,''),(446,13,6,'2015-12-13 11:13:39','2015-12-13 11:13:41','','2015-12-24 23:59:59','15:30','[\"复诊\",\"胎监\",\"脐血流\"]',1,'胡雅毅','','','下午加号',0,'',0,'',NULL,''),(447,92,6,'2015-12-13 11:16:09','2015-12-13 11:16:10','','2015-12-17 23:59:59','10:30','[\"胎监\"]',0,'王晓东','','','加号',0,'',0,'',NULL,''),(448,50,3,'2015-12-14 03:56:00','2015-12-14 04:00:11','陈淘','2015-09-07 00:00:00','09:00','[\"复诊\"]',1,'游泳','孕周15+4，体重63.5kg，血压125/85，腹围91cm，宫高8cm，','','',0,'',1,'[]',NULL,''),(449,50,3,'2015-12-14 04:00:39','2015-12-14 04:03:25','陈淘','2015-09-14 00:00:00','09:00','[\"复诊\",\"唐氏筛查中\"]',1,'游泳','孕周16+1，体重63.5kg，血压128/86，腹围90cm，宫高16cm，','六周复查','',0,'',1,'[]',NULL,''),(450,50,3,'2015-12-14 04:03:43','2015-12-14 04:05:56','李瑞雪','2015-10-12 00:00:00','09:00','[\"复诊\"]',1,'游泳','孕周20+1，体重66.5kg，血压130/96，腹围94cm，宫高20cm，','六周复查','',0,'',1,'[{\"next_visit_date\":\"2015-11-06\",\"next_visit_time\":\"08:30\",\"next_order_success\":1,\"next_visit_doctor_name\":\"\",\"next_visit_type\":\"[\\\"75G糖\\\",\\\"胎儿心脏彩超\\\",\\\"胎儿系统彩超\\\"]\",\"next_visit_address\":\"\",\"next_visit_remarks\":\"\"}]',NULL,''),(451,50,3,'2015-12-14 04:06:14','2015-12-14 04:09:18','陈淘','2015-11-23 00:00:00','09:00','[\"复诊\"]',1,'游泳','孕周26+1，体重70.5kg，血压126/77，腹围97cm，宫高25cm，','三周复查','',0,'',1,'[]',NULL,''),(452,50,3,'2015-12-14 04:09:38','2015-12-14 04:12:15','邱容','2015-12-14 00:00:00','09:00','[\"复诊\"]',1,'游泳','孕周29+1，体重69kg，血压133/83，腹围98cm，宫高28cm，','两周复查','',0,'',1,'[{\"next_visit_date\":\"2015-12-21\",\"next_visit_time\":\"09:00\",\"next_order_success\":1,\"next_visit_doctor_name\":\"\",\"next_visit_type\":\"[\\\"心电图\\\",\\\"腹部彩超\\\"]\",\"next_visit_address\":\"\",\"next_visit_remarks\":\"\"},{\"next_visit_date\":\"2015-12-28\",\"next_visit_time\":\"07:00\",\"next_order_success\":1,\"next_visit_doctor_name\":\"游泳\",\"next_visit_type\":\"[\\\"复诊\\\"]\",\"next_visit_address\":\"\",\"next_visit_remarks\":\"上午27号\"}]',NULL,''),(453,94,6,'2015-12-14 05:16:46','2015-12-14 05:18:16','陈淘','2015-06-10 00:00:00','09:00','[\"建卡全套\",\"复诊\"]',1,'姚强','孕周11+4 体重50 腹围78 宫高9 血压113/75 ','','',0,'产科',1,'[]',NULL,''),(454,94,6,'2015-12-14 05:19:08','2015-12-14 05:20:04','陈淘','2015-06-24 00:00:00','14:00','[\"复诊\"]',1,'姚强','孕周13+4 体重55 血压115/73 腹围81 宫高11 ','','',0,'产科',1,'[]',NULL,''),(455,94,6,'2015-12-14 05:20:49','2015-12-14 05:21:24','陈淘','2015-07-22 00:00:00','14:00','[\"复诊\"]',1,'姚强','孕周17+4 体重56.5 血压124/78 腹围85 宫高15 ','','',0,'产科',1,'[]',NULL,''),(456,94,6,'2015-12-14 05:21:44','2015-12-14 05:22:43','陈淘','2015-08-19 00:00:00','14:00','[\"复诊\"]',1,'姚强','孕周 21+4 体重60 血压122/75 腹围93 宫高24 ','','',0,'产科',1,'[]',NULL,''),(457,94,6,'2015-12-14 05:41:52','2015-12-14 05:42:27','陈淘','2015-09-17 00:00:00','14:00','[\"复诊\"]',1,'姚强','孕周24+5 体重62 血压122/75 腹围93 宫高24 ','','',0,'产科',1,'[]',NULL,''),(458,94,6,'2015-12-14 05:44:27','2015-12-14 05:45:10','陈淘','2015-10-09 00:00:00','14:00','[\"复诊\"]',1,'姚强','孕周27+6 体重62 血压101/62 腹围94 宫高25','','',0,'产科',1,'[]',NULL,''),(459,94,6,'2015-12-14 05:46:57','2015-12-14 05:50:11','陈淘','2015-10-22 00:00:00','14:00','[\"复诊\"]',1,'姚强','孕周29+5，体重64KG,血压113/66Kpa，腹围95，宫高26Cm','','四周复查',0,'产科',1,'[]',NULL,''),(460,94,6,'2015-12-14 05:52:42','2015-12-14 05:55:53','李瑞雪','2015-11-19 00:00:00','14:30','[\"复诊\"]',1,'姚强','孕周33+5，体重65KG,血压116/75Kpa，腹围99Cm，宫高28Cm','二周复查','',0,'产科',1,'[]',NULL,''),(461,94,6,'2015-12-14 05:57:01','2015-12-14 06:01:54','余润悦','2015-12-03 00:00:00','15:00','[\"复诊\"]',1,'姚强','孕周35+5，体重66KG,血压121/76Kpa，腹围100Cm,宫高30Cm','','一周复查',0,'产科',1,'[]',NULL,''),(462,95,6,'2015-12-14 06:13:29','2015-12-14 06:15:25','邱容','2015-07-07 00:00:00','15:00','[\"复诊\"]',1,'彭冰','孕周13+2，体重55KG,血压112/70MMHg，腹围76Cm，宫高8Cm','','',0,'产科',1,'[]',NULL,''),(463,95,6,'2015-12-14 06:16:20','2015-12-14 06:18:30','陈淘','2015-08-18 00:00:00','15:00','[\"复诊\"]',1,'彭冰','孕周19+2，体重56KG,血压101/05Kpa，腹围78Cm，宫高15Cm','','5周复查',0,'产科',1,'[]',NULL,''),(464,95,6,'2015-12-14 06:18:59','2015-12-14 06:20:35','邱容','2015-09-22 00:00:00','15:00','[\"复诊\"]',1,'彭冰','孕周24+2，体重55.5kg，血压102/62kpa，腹围81cm，宫高21cm','','6周复查',0,'产科',1,'[]',NULL,''),(465,95,6,'2015-12-14 06:21:04','2015-12-14 06:22:57','陈淘','2015-11-03 00:00:00','15:00','[\"复诊\"]',1,'彭冰','孕周30+2，体重64kg，血压108/70kpa，腹围92cm，宫高28cm','','3周复查',0,'产科',1,'[]',NULL,''),(466,95,6,'2015-12-14 06:23:29','2015-12-14 06:25:41','陈淘','2015-11-26 00:00:00','15:00','[\"复诊\"]',1,'彭冰','孕周33+4，体重67kg，血压98/54kpa，腹围96cm，宫高30cm','','2周复查',0,'产科',1,'[]',NULL,''),(467,95,6,'2015-12-14 06:26:08','2015-12-14 06:27:19','李瑞雪','2015-12-10 00:00:00','15:00','[\"复诊\"]',1,'彭冰','孕周35+4，体重68kg，血压107/75kpa，腹围95cm，宫高32cm','','1周复查',0,'产科',1,'[]',NULL,'');
/*!40000 ALTER TABLE `record` ENABLE KEYS */;
UNLOCK TABLES;

--
-- Table structure for table `user`
--

DROP TABLE IF EXISTS `user`;
/*!40101 SET @saved_cs_client     = @@character_set_client */;
/*!40101 SET character_set_client = utf8 */;
CREATE TABLE `user` (
  `id` bigint(32) unsigned NOT NULL AUTO_INCREMENT,
  `create_time` timestamp NOT NULL DEFAULT CURRENT_TIMESTAMP,
  `update_time` timestamp NOT NULL DEFAULT CURRENT_TIMESTAMP,
  `last_login_time` timestamp NOT NULL DEFAULT CURRENT_TIMESTAMP,
  `status` varchar(32) NOT NULL DEFAULT 'not actived',
  `privilege` bigint(32) unsigned NOT NULL DEFAULT '2006',
  `name` varchar(32) NOT NULL,
  `password` varchar(32) NOT NULL,
  `phonenumber` varchar(32) NOT NULL,
  `wx` varchar(32) DEFAULT '',
  PRIMARY KEY (`id`),
  UNIQUE KEY `name` (`name`),
  KEY `phonenumber` (`phonenumber`)
) ENGINE=InnoDB AUTO_INCREMENT=15 DEFAULT CHARSET=utf8;
/*!40101 SET character_set_client = @saved_cs_client */;

--
-- Dumping data for table `user`
--

LOCK TABLES `user` WRITE;
/*!40000 ALTER TABLE `user` DISABLE KEYS */;
INSERT INTO `user` VALUES (3,'2015-11-30 00:59:54','2015-12-07 05:27:15','2015-12-14 03:53:33','actived',2006,'陈淘','555778','15198073537','Caroline1468178921'),(6,'2015-11-30 00:59:54','2015-11-30 00:59:54','2015-12-14 09:06:58','actived',2047,'王君','wj0629','13980870629','zz830629'),(7,'2015-11-30 00:59:54','2015-11-30 00:59:54','2015-11-30 00:59:54','not actived',2006,'余军','123456','15108407210','huaxibaishitong'),(8,'2015-11-30 00:59:54','2015-11-30 00:59:54','2015-11-30 00:59:54','not actived',2006,'李瑞雪','123456','18215676176','xue1599859401'),(9,'2015-12-01 06:40:16','2015-12-01 06:45:59','2015-12-11 02:26:04','actived',2038,'张洪莉','123456','18908182406','zhanghongli7202'),(11,'2015-12-09 09:10:16','2015-12-09 09:10:16','2015-12-09 09:10:16','not actived',2038,'邱容','123456','13541235352','QR880225'),(13,'2015-12-09 09:12:49','2015-12-14 04:46:16','2015-12-14 04:46:00','actived',2006,'吕环宇','123456','15982263971','lhy921253768'),(14,'2015-12-09 09:23:24','2015-12-09 09:23:24','2015-12-09 09:23:24','not actived',2006,'余润悦','123456','13688255042','YRY1094562043');
/*!40000 ALTER TABLE `user` ENABLE KEYS */;
UNLOCK TABLES;
/*!40103 SET TIME_ZONE=@OLD_TIME_ZONE */;

/*!40101 SET SQL_MODE=@OLD_SQL_MODE */;
/*!40014 SET FOREIGN_KEY_CHECKS=@OLD_FOREIGN_KEY_CHECKS */;
/*!40014 SET UNIQUE_CHECKS=@OLD_UNIQUE_CHECKS */;
/*!40101 SET CHARACTER_SET_CLIENT=@OLD_CHARACTER_SET_CLIENT */;
/*!40101 SET CHARACTER_SET_RESULTS=@OLD_CHARACTER_SET_RESULTS */;
/*!40101 SET COLLATION_CONNECTION=@OLD_COLLATION_CONNECTION */;
/*!40111 SET SQL_NOTES=@OLD_SQL_NOTES */;

-- Dump completed on 2015-12-14 17:19:40
